episode,epsilon,total_reward
0.0,0.35,-10.0
1.0,0.34989996665555184,7.0
2.0,0.3497999333111037,8.0
3.0,0.3496998999666555,8.0
4.0,0.3495998666222074,-8.0
5.0,0.34949983327775924,-8.0
6.0,0.3493997999333111,-8.0
7.0,0.3492997665888629,10.0
8.0,0.3491997332444148,-8.0
9.0,0.34909969989996664,10.0
10.0,0.3489996665555185,-8.0
11.0,0.3488996332110703,-8.0
12.0,0.3487995998666222,10.0
13.0,0.34869956652217404,-8.0
14.0,0.3485995331777259,-9.0
15.0,0.3484994998332777,-8.0
16.0,0.3483994664888296,-3.0
17.0,0.34829943314438144,-10.0
18.0,0.3481993997999333,8.0
19.0,0.3480993664554851,7.0
20.0,0.347999333111037,8.0
21.0,0.34789929976658884,8.0
22.0,0.3477992664221407,-10.0
23.0,0.3476992330776925,-8.0
24.0,0.3475991997332444,-9.0
25.0,0.34749916638879624,-4.0
26.0,0.3473991330443481,-11.0
27.0,0.3472990996998999,8.0
28.0,0.3471990663554518,-3.0
29.0,0.34709903301100364,-8.0
30.0,0.3469989996665555,-8.0
31.0,0.3468989663221073,7.0
32.0,0.34679893297765924,8.0
33.0,0.34669889963321104,-10.0
34.0,0.3465988662887629,-9.0
35.0,0.3464988329443147,7.0
36.0,0.34639879959986664,-3.0
37.0,0.34629876625541844,-8.0
38.0,0.3461987329109703,-8.0
39.0,0.3460986995665221,9.0
40.0,0.34599866622207404,-10.0
41.0,0.34589863287762584,-3.0
42.0,0.3457985995331777,-9.0
43.0,0.3456985661887295,-9.0
44.0,0.34559853284428144,-9.0
45.0,0.34549849949983324,7.0
46.0,0.3453984661553851,-10.0
47.0,0.345298432810937,-8.0
48.0,0.34519839946648884,-9.0
49.0,0.34509836612204065,-8.0
50.0,0.3449983327775925,-8.0
51.0,0.3448982994331444,10.0
52.0,0.34479826608869624,-9.0
53.0,0.34469823274424805,9.0
54.0,0.3445981993997999,-9.0
55.0,0.3444981660553518,-4.0
56.0,0.34439813271090364,-4.0
57.0,0.34429809936645545,-8.0
58.0,0.3441980660220073,-9.0
59.0,0.3440980326775592,-9.0
60.0,0.34399799933311104,9.0
61.0,0.34389796598866285,-8.0
62.0,0.3437979326442147,8.0
63.0,0.3436978992997666,9.0
64.0,0.34359786595531844,-9.0
65.0,0.34349783261087025,-9.0
66.0,0.3433977992664221,-8.0
67.0,0.343297765921974,-11.0
68.0,0.34319773257752584,7.0
69.0,0.34309769923307765,-4.0
70.0,0.3429976658886295,-9.0
71.0,0.3428976325441814,-4.0
72.0,0.34279759919973324,9.0
73.0,0.34269756585528505,-11.0
74.0,0.3425975325108369,-10.0
75.0,0.3424974991663888,-3.0
76.0,0.34239746582194064,-9.0
77.0,0.3422974324774925,-9.0
78.0,0.3421973991330443,-9.0
79.0,0.3420973657885962,-9.0
80.0,0.34199733244414804,-9.0
81.0,0.3418972990996999,-4.0
82.0,0.3417972657552517,-3.0
83.0,0.3416972324108036,7.0
84.0,0.34159719906635544,-8.0
85.0,0.3414971657219073,9.0
86.0,0.3413971323774591,-9.0
87.0,0.341297099033011,-9.0
88.0,0.34119706568856284,-9.0
89.0,0.3410970323441147,-9.0
90.0,0.3409969989996665,-9.0
91.0,0.3408969656552184,-11.0
92.0,0.34079693231077024,8.0
93.0,0.3406968989663221,-10.0
94.0,0.3405968656218739,-9.0
95.0,0.3404968322774258,-11.0
96.0,0.34039679893297764,-11.0
97.0,0.3402967655885295,8.0
98.0,0.3401967322440813,9.0
99.0,0.3400966988996332,7.0
100.0,0.33999666555518504,-9.0
101.0,0.3398966322107369,-9.0
102.0,0.3397965988662887,7.0
103.0,0.3396965655218406,8.0
104.0,0.33959653217739244,7.0
105.0,0.3394964988329443,10.0
106.0,0.3393964654884961,7.0
107.0,0.33929643214404803,8.0
108.0,0.33919639879959984,10.0
109.0,0.3390963654551517,10.0
110.0,0.3389963321107035,10.0
111.0,0.33889629876625543,10.0
112.0,0.33879626542180724,9.0
113.0,0.3386962320773591,10.0
114.0,0.3385961987329109,10.0
115.0,0.33849616538846283,10.0
116.0,0.33839613204401464,-8.0
117.0,0.3382960986995665,-8.0
118.0,0.3381960653551183,-9.0
119.0,0.33809603201067023,-8.0
120.0,0.33799599866622204,10.0
121.0,0.3378959653217739,8.0
122.0,0.33779593197732577,-3.0
123.0,0.33769589863287763,-8.0
124.0,0.33759586528842944,10.0
125.0,0.3374958319439813,-11.0
126.0,0.33739579859953317,-8.0
127.0,0.33729576525508503,10.0
128.0,0.33719573191063684,-8.0
129.0,0.3370956985661887,7.0
130.0,0.33699566522174057,10.0
131.0,0.33689563187729243,10.0
132.0,0.33679559853284424,-10.0
133.0,0.3366955651883961,10.0
134.0,0.33659553184394797,-3.0
135.0,0.33649549849949983,-3.0
136.0,0.33639546515505164,-9.0
137.0,0.3362954318106035,-9.0
138.0,0.33619539846615537,-8.0
139.0,0.33609536512170723,10.0
140.0,0.33599533177725904,10.0
141.0,0.3358952984328109,-8.0
142.0,0.33579526508836277,-8.0
143.0,0.33569523174391463,-9.0
144.0,0.33559519839946644,9.0
145.0,0.3354951650550183,9.0
146.0,0.33539513171057017,-3.0
147.0,0.33529509836612204,-5.0
148.0,0.33519506502167384,-8.0
149.0,0.3350950316772257,9.0
150.0,0.33499499833277757,-9.0
151.0,0.33489496498832944,8.0
152.0,0.33479493164388124,-10.0
153.0,0.3346948982994331,-3.0
154.0,0.33459486495498497,-10.0
155.0,0.33449483161053684,8.0
156.0,0.3343947982660887,10.0
157.0,0.3342947649216405,7.0
158.0,0.33419473157719237,-8.0
159.0,0.33409469823274424,-10.0
160.0,0.3339946648882961,-4.0
161.0,0.3338946315438479,8.0
162.0,0.3337945981993998,8.0
163.0,0.33369456485495164,-11.0
164.0,0.3335945315105035,-8.0
165.0,0.3334944981660553,8.0
166.0,0.3333944648216072,9.0
167.0,0.33329443147715904,8.0
168.0,0.3331943981327109,-10.0
169.0,0.3330943647882627,9.0
170.0,0.3329943314438146,-4.0
171.0,0.33289429809936644,-9.0
172.0,0.3327942647549183,-8.0
173.0,0.3326942314104701,9.0
174.0,0.332594198066022,-10.0
175.0,0.33249416472157384,8.0
176.0,0.3323941313771257,-9.0
177.0,0.3322940980326775,8.0
178.0,0.3321940646882294,9.0
179.0,0.33209403134378124,10.0
180.0,0.3319939979993331,8.0
181.0,0.3318939646548849,10.0
182.0,0.3317939313104368,-5.0
183.0,0.33169389796598864,-8.0
184.0,0.3315938646215405,-9.0
185.0,0.3314938312770923,-3.0
186.0,0.33139379793264423,10.0
187.0,0.33129376458819604,-10.0
188.0,0.3311937312437479,-8.0
189.0,0.3310936978992997,10.0
190.0,0.33099366455485163,-10.0
191.0,0.33089363121040344,8.0
192.0,0.3307935978659553,9.0
193.0,0.3306935645215071,8.0
194.0,0.33059353117705903,10.0
195.0,0.33049349783261084,-9.0
196.0,0.3303934644881627,9.0
197.0,0.3302934311437145,-3.0
198.0,0.33019339779926643,7.0
199.0,0.33009336445481824,-8.0
200.0,0.3299933311103701,10.0
201.0,0.32989329776592197,-8.0
202.0,0.32979326442147383,8.0
203.0,0.32969323107702564,8.0
204.0,0.3295931977325775,-8.0
205.0,0.32949316438812937,-10.0
206.0,0.32939313104368123,-9.0
207.0,0.32929309769923304,-8.0
208.0,0.3291930643547849,-10.0
209.0,0.32909303101033677,-9.0
210.0,0.32899299766588863,8.0
211.0,0.32889296432144044,-10.0
212.0,0.3287929309769923,8.0
213.0,0.32869289763254417,-10.0
214.0,0.32859286428809603,-8.0
215.0,0.32849283094364784,-10.0
216.0,0.3283927975991997,8.0
217.0,0.32829276425475157,-10.0
218.0,0.32819273091030343,7.0
219.0,0.32809269756585524,9.0
220.0,0.3279926642214071,-10.0
221.0,0.32789263087695897,7.0
222.0,0.32779259753251083,7.0
223.0,0.32769256418806264,-11.0
224.0,0.3275925308436145,-10.0
225.0,0.32749249749916637,8.0
226.0,0.32739246415471823,-11.0
227.0,0.32729243081027004,8.0
228.0,0.3271923974658219,9.0
229.0,0.32709236412137377,8.0
230.0,0.32699233077692563,-8.0
231.0,0.3268922974324775,8.0
232.0,0.3267922640880293,-8.0
233.0,0.32669223074358117,8.0
234.0,0.32659219739913303,10.0
235.0,0.3264921640546849,-10.0
236.0,0.3263921307102367,-10.0
237.0,0.32629209736578857,-10.0
238.0,0.32619206402134043,9.0
239.0,0.3260920306768923,9.0
240.0,0.3259919973324441,-10.0
241.0,0.32589196398799597,-5.0
242.0,0.32579193064354783,-5.0
243.0,0.3256918972990997,-11.0
244.0,0.3255918639546515,-9.0
245.0,0.32549183061020337,-9.0
246.0,0.32539179726575523,-9.0
247.0,0.3252917639213071,-11.0
248.0,0.3251917305768589,8.0
249.0,0.32509169723241077,-5.0
250.0,0.32499166388796263,10.0
251.0,0.3248916305435145,-3.0
252.0,0.3247915971990663,7.0
253.0,0.32469156385461817,8.0
254.0,0.32459153051017003,-8.0
255.0,0.3244914971657219,8.0
256.0,0.3243914638212737,-10.0
257.0,0.32429143047682557,-10.0
258.0,0.32419139713237743,7.0
259.0,0.3240913637879293,8.0
260.0,0.3239913304434811,-10.0
261.0,0.323891297099033,8.0
262.0,0.32379126375458483,-10.0
263.0,0.3236912304101367,-10.0
264.0,0.3235911970656885,-11.0
265.0,0.3234911637212404,-9.0
266.0,0.32339113037679224,-3.0
267.0,0.3232910970323441,9.0
268.0,0.3231910636878959,10.0
269.0,0.3230910303434478,10.0
270.0,0.32299099699899964,-8.0
271.0,0.3228909636545515,10.0
272.0,0.3227909303101033,-8.0
273.0,0.3226908969656552,-8.0
274.0,0.32259086362120704,8.0
275.0,0.3224908302767589,8.0
276.0,0.32239079693231076,8.0
277.0,0.3222907635878626,-10.0
278.0,0.32219073024341444,8.0
279.0,0.3220906968989663,-8.0
280.0,0.32199066355451816,8.0
281.0,0.32189063021007003,-4.0
282.0,0.32179059686562184,-10.0
283.0,0.3216905635211737,10.0
284.0,0.32159053017672556,-4.0
285.0,0.32149049683227743,10.0
286.0,0.32139046348782924,10.0
287.0,0.3212904301433811,-8.0
288.0,0.32119039679893296,-8.0
289.0,0.32109036345448483,8.0
290.0,0.32099033011003664,8.0
291.0,0.3208902967655885,8.0
292.0,0.32079026342114036,7.0
293.0,0.32069023007669223,-10.0
294.0,0.32059019673224404,9.0
295.0,0.3204901633877959,10.0
296.0,0.32039013004334777,-8.0
297.0,0.32029009669889963,7.0
298.0,0.32019006335445144,-8.0
299.0,0.3200900300100033,8.0
300.0,0.31998999666555517,-9.0
301.0,0.31988996332110703,9.0
302.0,0.31978992997665884,7.0
303.0,0.3196898966322107,-8.0
304.0,0.31958986328776257,7.0
305.0,0.31948982994331443,9.0
306.0,0.3193897965988663,-10.0
307.0,0.3192897632544181,-4.0
308.0,0.31918972990996997,7.0
309.0,0.31908969656552183,-9.0
310.0,0.3189896632210737,-11.0
311.0,0.3188896298766255,-11.0
312.0,0.31878959653217737,-3.0
313.0,0.31868956318772923,-9.0
314.0,0.3185895298432811,8.0
315.0,0.3184894964988329,-11.0
316.0,0.31838946315438477,-10.0
317.0,0.31828942980993663,7.0
318.0,0.3181893964654885,-8.0
319.0,0.3180893631210403,-8.0
320.0,0.31798932977659217,9.0
321.0,0.31788929643214403,-10.0
322.0,0.3177892630876959,10.0
323.0,0.3176892297432477,9.0
324.0,0.31758919639879957,-9.0
325.0,0.31748916305435143,-11.0
326.0,0.3173891297099033,-8.0
327.0,0.3172890963654551,-5.0
328.0,0.31718906302100697,-10.0
329.0,0.31708902967655883,-5.0
330.0,0.3169889963321107,-10.0
331.0,0.3168889629876625,8.0
332.0,0.31678892964321437,9.0
333.0,0.31668889629876623,7.0
334.0,0.3165888629543181,9.0
335.0,0.3164888296098699,9.0
336.0,0.3163887962654218,-9.0
337.0,0.31628876292097363,-3.0
338.0,0.3161887295765255,8.0
339.0,0.3160886962320773,-9.0
340.0,0.3159886628876292,8.0
341.0,0.31588862954318103,-9.0
342.0,0.3157885961987329,-4.0
343.0,0.3156885628542847,9.0
344.0,0.3155885295098366,-9.0
345.0,0.31548849616538843,-3.0
346.0,0.3153884628209403,9.0
347.0,0.3152884294764921,-11.0
348.0,0.315188396132044,-10.0
349.0,0.31508836278759583,-8.0
350.0,0.3149883294431477,-11.0
351.0,0.31488829609869956,10.0
352.0,0.3147882627542514,7.0
353.0,0.31468822940980323,-11.0
354.0,0.3145881960653551,7.0
355.0,0.31448816272090696,-10.0
356.0,0.3143881293764588,-10.0
357.0,0.31428809603201063,-11.0
358.0,0.3141880626875625,-9.0
359.0,0.31408802934311436,8.0
360.0,0.3139879959986662,-9.0
361.0,0.31388796265421803,9.0
362.0,0.3137879293097699,-9.0
363.0,0.31368789596532176,7.0
364.0,0.3135878626208736,10.0
365.0,0.31348782927642543,-3.0
366.0,0.3133877959319773,-8.0
367.0,0.31328776258752916,8.0
368.0,0.313187729243081,-8.0
369.0,0.31308769589863283,9.0
370.0,0.3129876625541847,7.0
371.0,0.31288762920973656,-10.0
372.0,0.3127875958652884,8.0
373.0,0.31268756252084023,-8.0
374.0,0.3125875291763921,8.0
375.0,0.31248749583194396,-9.0
376.0,0.3123874624874958,-10.0
377.0,0.31228742914304763,7.0
378.0,0.3121873957985995,-8.0
379.0,0.31208736245415136,-11.0
380.0,0.3119873291097032,10.0
381.0,0.3118872957652551,10.0
382.0,0.3117872624208069,-8.0
383.0,0.31168722907635876,8.0
384.0,0.3115871957319106,-8.0
385.0,0.3114871623874625,8.0
386.0,0.3113871290430143,-9.0
387.0,0.31128709569856616,-11.0
388.0,0.311187062354118,8.0
389.0,0.3110870290096699,-10.0
390.0,0.3109869956652217,-11.0
391.0,0.31088696232077356,8.0
392.0,0.3107869289763254,-10.0
393.0,0.3106868956318773,-8.0
394.0,0.3105868622874291,-4.0
395.0,0.31048682894298096,-10.0
396.0,0.3103867955985328,-11.0
397.0,0.3102867622540847,8.0
398.0,0.3101867289096365,-10.0
399.0,0.31008669556518836,8.0
400.0,0.30998666222074023,8.0
401.0,0.3098866288762921,-8.0
402.0,0.3097865955318439,-3.0
403.0,0.30968656218739576,-11.0
404.0,0.30958652884294763,8.0
405.0,0.3094864954984995,8.0
406.0,0.3093864621540513,7.0
407.0,0.30928642880960316,7.0
408.0,0.30918639546515503,8.0
409.0,0.3090863621207069,-8.0
410.0,0.3089863287762587,8.0
411.0,0.30888629543181056,-8.0
412.0,0.30878626208736243,-10.0
413.0,0.3086862287429143,-8.0
414.0,0.3085861953984661,-3.0
415.0,0.308486162054018,7.0
416.0,0.30838612870956983,-10.0
417.0,0.3082860953651217,-10.0
418.0,0.3081860620206735,-9.0
419.0,0.3080860286762254,10.0
420.0,0.30798599533177723,10.0
421.0,0.3078859619873291,-10.0
422.0,0.3077859286428809,-4.0
423.0,0.3076858952984328,8.0
424.0,0.30758586195398463,8.0
425.0,0.3074858286095365,-8.0
426.0,0.3073857952650883,-10.0
427.0,0.3072857619206402,-4.0
428.0,0.30718572857619203,7.0
429.0,0.3070856952317439,8.0
430.0,0.30698566188729576,8.0
431.0,0.3068856285428476,-9.0
432.0,0.30678559519839943,-3.0
433.0,0.3066855618539513,10.0
434.0,0.30658552850950316,-8.0
435.0,0.306485495165055,8.0
436.0,0.30638546182060683,-9.0
437.0,0.3062854284761587,-9.0
438.0,0.30618539513171056,-3.0
439.0,0.3060853617872624,-8.0
440.0,0.30598532844281423,-9.0
441.0,0.3058852950983661,8.0
442.0,0.30578526175391796,-4.0
443.0,0.3056852284094698,-9.0
444.0,0.30558519506502163,7.0
445.0,0.3054851617205735,8.0
446.0,0.30538512837612536,8.0
447.0,0.3052850950316772,7.0
448.0,0.30518506168722903,-8.0
449.0,0.3050850283427809,-10.0
450.0,0.30498499499833276,-8.0
451.0,0.3048849616538846,7.0
452.0,0.30478492830943643,-10.0
453.0,0.3046848949649883,-10.0
454.0,0.30458486162054016,-4.0
455.0,0.304484828276092,-8.0
456.0,0.30438479493164383,-9.0
457.0,0.3042847615871957,8.0
458.0,0.30418472824274756,-11.0
459.0,0.3040846948982994,-9.0
460.0,0.3039846615538513,8.0
461.0,0.3038846282094031,-3.0
462.0,0.30378459486495496,10.0
463.0,0.3036845615205068,10.0
464.0,0.3035845281760587,-8.0
465.0,0.3034844948316105,7.0
466.0,0.30338446148716236,7.0
467.0,0.3032844281427142,-10.0
468.0,0.3031843947982661,7.0
469.0,0.3030843614538179,8.0
470.0,0.30298432810936976,-8.0
471.0,0.3028842947649216,8.0
472.0,0.3027842614204735,7.0
473.0,0.3026842280760253,-8.0
474.0,0.30258419473157716,-11.0
475.0,0.302484161387129,8.0
476.0,0.3023841280426809,-4.0
477.0,0.3022840946982327,-11.0
478.0,0.30218406135378456,8.0
479.0,0.3020840280093364,-11.0
480.0,0.3019839946648883,-3.0
481.0,0.3018839613204401,9.0
482.0,0.30178392797599196,8.0
483.0,0.3016838946315438,8.0
484.0,0.3015838612870957,-11.0
485.0,0.3014838279426475,-8.0
486.0,0.30138379459819936,8.0
487.0,0.3012837612537512,8.0
488.0,0.3011837279093031,-9.0
489.0,0.3010836945648549,-9.0
490.0,0.3009836612204068,8.0
491.0,0.3008836278759586,8.0
492.0,0.3007835945315105,8.0
493.0,0.3006835611870623,8.0
494.0,0.3005835278426142,8.0
495.0,0.300483494498166,-8.0
496.0,0.3003834611537179,8.0
497.0,0.3002834278092697,-4.0
498.0,0.3001833944648216,8.0
499.0,0.3000833611203734,-8.0
500.0,0.2999833277759253,8.0
501.0,0.29988329443147715,-8.0
502.0,0.299783261087029,8.0
503.0,0.2996832277425808,-10.0
504.0,0.2995831943981327,-9.0
505.0,0.29948316105368455,-5.0
506.0,0.2993831277092364,9.0
507.0,0.2992830943647882,-4.0
508.0,0.2991830610203401,-8.0
509.0,0.29908302767589195,-10.0
510.0,0.2989829943314438,-10.0
511.0,0.2988829609869956,-10.0
512.0,0.2987829276425475,8.0
513.0,0.29868289429809936,7.0
514.0,0.2985828609536512,-10.0
515.0,0.298482827609203,8.0
516.0,0.2983827942647549,-10.0
517.0,0.29828276092030676,-3.0
518.0,0.2981827275758586,8.0
519.0,0.2980826942314104,-11.0
520.0,0.29798266088696235,7.0
521.0,0.29788262754251416,-10.0
522.0,0.297782594198066,-11.0
523.0,0.29768256085361783,-8.0
524.0,0.29758252750916975,-8.0
525.0,0.29748249416472156,-8.0
526.0,0.2973824608202734,-11.0
527.0,0.29728242747582523,7.0
528.0,0.29718239413137715,7.0
529.0,0.29708236078692896,8.0
530.0,0.2969823274424808,-8.0
531.0,0.29688229409803263,8.0
532.0,0.29678226075358455,8.0
533.0,0.29668222740913636,-3.0
534.0,0.2965821940646882,7.0
535.0,0.2964821607202401,7.0
536.0,0.29638212737579195,-3.0
537.0,0.29628209403134376,8.0
538.0,0.2961820606868956,-9.0
539.0,0.2960820273424475,8.0
540.0,0.29598199399799935,-8.0
541.0,0.29588196065355116,7.0
542.0,0.295781927309103,8.0
543.0,0.2956818939646549,7.0
544.0,0.29558186062020675,-9.0
545.0,0.29548182727575856,7.0
546.0,0.2953817939313104,8.0
547.0,0.2952817605868623,8.0
548.0,0.29518172724241415,7.0
549.0,0.29508169389796596,-8.0
550.0,0.2949816605535178,-11.0
551.0,0.2948816272090697,7.0
552.0,0.29478159386462155,8.0
553.0,0.29468156052017336,8.0
554.0,0.2945815271757252,-11.0
555.0,0.2944814938312771,-11.0
556.0,0.29438146048682895,-10.0
557.0,0.29428142714238076,8.0
558.0,0.2941813937979326,-10.0
559.0,0.2940813604534845,-9.0
560.0,0.29398132710903635,-11.0
561.0,0.29388129376458816,10.0
562.0,0.29378126042014,-8.0
563.0,0.2936812270756919,-3.0
564.0,0.29358119373124375,-8.0
565.0,0.2934811603867956,8.0
566.0,0.2933811270423474,-9.0
567.0,0.2932810936978993,-11.0
568.0,0.29318106035345115,8.0
569.0,0.293081027009003,-8.0
570.0,0.2929809936645548,8.0
571.0,0.2928809603201067,10.0
572.0,0.29278092697565855,9.0
573.0,0.2926808936312104,8.0
574.0,0.2925808602867622,-9.0
575.0,0.2924808269423141,9.0
576.0,0.29238079359786595,8.0
577.0,0.2922807602534178,-8.0
578.0,0.2921807269089696,8.0
579.0,0.2920806935645215,8.0
580.0,0.29198066022007335,8.0
581.0,0.2918806268756252,-9.0
582.0,0.291780593531177,-4.0
583.0,0.2916805601867289,8.0
584.0,0.29158052684228075,8.0
585.0,0.2914804934978326,8.0
586.0,0.2913804601533844,-9.0
587.0,0.2912804268089363,-8.0
588.0,0.29118039346448815,-11.0
589.0,0.29108036012004,8.0
590.0,0.2909803267755918,8.0
591.0,0.2908802934311437,-10.0
592.0,0.29078026008669555,8.0
593.0,0.2906802267422474,-10.0
594.0,0.2905801933977992,8.0
595.0,0.29048016005335114,8.0
596.0,0.29038012670890295,8.0
597.0,0.2902800933644548,8.0
598.0,0.2901800600200066,7.0
599.0,0.29008002667555854,8.0
600.0,0.28997999333111035,-10.0
601.0,0.2898799599866622,10.0
602.0,0.289779926642214,8.0
603.0,0.28967989329776594,8.0
604.0,0.28957985995331775,8.0
605.0,0.2894798266088696,8.0
606.0,0.2893797932644214,-9.0
607.0,0.28927975991997334,8.0
608.0,0.28917972657552515,8.0
609.0,0.289079693231077,-11.0
610.0,0.2889796598866289,8.0
611.0,0.28887962654218075,-8.0
612.0,0.28877959319773255,8.0
613.0,0.2886795598532844,8.0
614.0,0.2885795265088363,8.0
615.0,0.28847949316438815,-10.0
616.0,0.28837945981993995,-9.0
617.0,0.2882794264754918,8.0
618.0,0.2881793931310437,8.0
619.0,0.28807935978659555,10.0
620.0,0.28797932644214735,8.0
621.0,0.2878792930976992,7.0
622.0,0.2877792597532511,-10.0
623.0,0.28767922640880295,-8.0
624.0,0.28757919306435475,-4.0
625.0,0.2874791597199066,-8.0
626.0,0.2873791263754585,8.0
627.0,0.28727909303101035,-9.0
628.0,0.28717905968656215,-10.0
629.0,0.287079026342114,-4.0
630.0,0.2869789929976659,8.0
631.0,0.28687895965321775,-3.0
632.0,0.28677892630876956,-3.0
633.0,0.2866788929643214,-4.0
634.0,0.2865788596198733,8.0
635.0,0.28647882627542515,-10.0
636.0,0.28637879293097696,10.0
637.0,0.2862787595865288,-10.0
638.0,0.2861787262420807,8.0
639.0,0.28607869289763255,8.0
640.0,0.2859786595531844,9.0
641.0,0.2858786262087362,8.0
642.0,0.2857785928642881,8.0
643.0,0.28567855951983995,7.0
644.0,0.2855785261753918,8.0
645.0,0.2854784928309436,9.0
646.0,0.2853784594864955,8.0
647.0,0.28527842614204735,8.0
648.0,0.2851783927975992,7.0
649.0,0.285078359453151,8.0
650.0,0.2849783261087029,8.0
651.0,0.28487829276425475,-3.0
652.0,0.2847782594198066,8.0
653.0,0.2846782260753584,8.0
654.0,0.2845781927309103,8.0
655.0,0.28447815938646215,8.0
656.0,0.284378126042014,-11.0
657.0,0.2842780926975658,8.0
658.0,0.2841780593531177,7.0
659.0,0.28407802600866955,-8.0
660.0,0.2839779926642214,-10.0
661.0,0.2838779593197732,8.0
662.0,0.2837779259753251,8.0
663.0,0.28367789263087695,-8.0
664.0,0.2835778592864288,8.0
665.0,0.2834778259419806,10.0
666.0,0.2833777925975325,-9.0
667.0,0.28327775925308435,10.0
668.0,0.2831777259086362,8.0
669.0,0.283077692564188,-3.0
670.0,0.28297765921973994,-8.0
671.0,0.28287762587529175,8.0
672.0,0.2827775925308436,-10.0
673.0,0.2826775591863954,8.0
674.0,0.28257752584194734,9.0
675.0,0.28247749249749915,8.0
676.0,0.282377459153051,8.0
677.0,0.2822774258086028,9.0
678.0,0.28217739246415474,8.0
679.0,0.28207735911970655,-10.0
680.0,0.2819773257752584,8.0
681.0,0.2818772924308102,-10.0
682.0,0.28177725908636214,8.0
683.0,0.28167722574191395,-11.0
684.0,0.2815771923974658,8.0
685.0,0.2814771590530176,-3.0
686.0,0.28137712570856954,8.0
687.0,0.28127709236412135,9.0
688.0,0.2811770590196732,8.0
689.0,0.2810770256752251,-8.0
690.0,0.28097699233077694,8.0
691.0,0.28087695898632875,-10.0
692.0,0.2807769256418806,8.0
693.0,0.2806768922974325,8.0
694.0,0.28057685895298434,-11.0
695.0,0.28047682560853615,-11.0
696.0,0.280376792264088,8.0
697.0,0.2802767589196399,-10.0
698.0,0.28017672557519174,-11.0
699.0,0.28007669223074355,8.0
700.0,0.2799766588862954,7.0
701.0,0.2798766255418473,-9.0
702.0,0.27977659219739914,7.0
703.0,0.27967655885295095,-9.0
704.0,0.2795765255085028,8.0
705.0,0.2794764921640547,-11.0
706.0,0.27937645881960654,8.0
707.0,0.27927642547515835,-4.0
708.0,0.2791763921307102,-10.0
709.0,0.2790763587862621,7.0
710.0,0.27897632544181394,-10.0
711.0,0.27887629209736575,-11.0
712.0,0.2787762587529176,8.0
713.0,0.2786762254084695,9.0
714.0,0.27857619206402134,-11.0
715.0,0.27847615871957315,-9.0
716.0,0.278376125375125,-10.0
717.0,0.2782760920306769,8.0
718.0,0.27817605868622874,8.0
719.0,0.2780760253417806,-10.0
720.0,0.2779759919973324,10.0
721.0,0.2778759586528843,8.0
722.0,0.27777592530843614,-8.0
723.0,0.277675891963988,-10.0
724.0,0.2775758586195398,8.0
725.0,0.2774758252750917,-3.0
726.0,0.27737579193064354,-3.0
727.0,0.2772757585861954,10.0
728.0,0.2771757252417472,7.0
729.0,0.2770756918972991,7.0
730.0,0.27697565855285095,-9.0
731.0,0.2768756252084028,-10.0
732.0,0.2767755918639546,-10.0
733.0,0.2766755585195065,7.0
734.0,0.27657552517505835,8.0
735.0,0.2764754918306102,7.0
736.0,0.276375458486162,-8.0
737.0,0.2762754251417139,-10.0
738.0,0.27617539179726575,9.0
739.0,0.2760753584528176,8.0
740.0,0.2759753251083694,8.0
741.0,0.2758752917639213,8.0
742.0,0.27577525841947315,8.0
743.0,0.275675225075025,-10.0
744.0,0.2755751917305768,-4.0
745.0,0.2754751583861287,7.0
746.0,0.27537512504168055,7.0
747.0,0.2752750916972324,7.0
748.0,0.2751750583527842,8.0
749.0,0.27507502500833614,-8.0
750.0,0.27497499166388795,8.0
751.0,0.2748749583194398,8.0
752.0,0.2747749249749917,-9.0
753.0,0.27467489163054354,-9.0
754.0,0.27457485828609535,9.0
755.0,0.2744748249416472,10.0
756.0,0.2743747915971991,-9.0
757.0,0.27427475825275094,9.0
758.0,0.27417472490830275,-10.0
759.0,0.2740746915638546,-8.0
760.0,0.2739746582194065,-11.0
761.0,0.27387462487495834,-9.0
762.0,0.27377459153051015,8.0
763.0,0.273674558186062,8.0
764.0,0.2735745248416139,-8.0
765.0,0.27347449149716574,-10.0
766.0,0.27337445815271755,8.0
767.0,0.2732744248082694,7.0
768.0,0.2731743914638213,-9.0
769.0,0.27307435811937314,-11.0
770.0,0.27297432477492495,-8.0
771.0,0.2728742914304768,8.0
772.0,0.2727742580860287,8.0
773.0,0.27267422474158054,-10.0
774.0,0.27257419139713235,-10.0
775.0,0.2724741580526842,7.0
776.0,0.2723741247082361,8.0
777.0,0.27227409136378794,-8.0
778.0,0.27217405801933975,-8.0
779.0,0.27207402467489167,7.0
780.0,0.2719739913304435,8.0
781.0,0.27187395798599534,8.0
782.0,0.27177392464154715,-8.0
783.0,0.27167389129709907,-8.0
784.0,0.2715738579526509,-8.0
785.0,0.27147382460820274,-10.0
786.0,0.27137379126375455,-10.0
787.0,0.27127375791930647,8.0
788.0,0.2711737245748583,8.0
789.0,0.27107369123041014,8.0
790.0,0.27097365788596195,-10.0
791.0,0.27087362454151387,-4.0
792.0,0.2707735911970657,-9.0
793.0,0.27067355785261754,7.0
794.0,0.2705735245081694,-11.0
795.0,0.27047349116372127,-9.0
796.0,0.2703734578192731,7.0
797.0,0.27027342447482494,8.0
798.0,0.2701733911303768,8.0
799.0,0.27007335778592867,8.0
800.0,0.2699733244414805,7.0
801.0,0.26987329109703234,8.0
802.0,0.2697732577525842,-10.0
803.0,0.26967322440813607,7.0
804.0,0.2695731910636879,8.0
805.0,0.26947315771923974,-10.0
806.0,0.2693731243747916,10.0
807.0,0.26927309103034347,8.0
808.0,0.2691730576858953,-10.0
809.0,0.26907302434144714,-9.0
810.0,0.268972990996999,-11.0
811.0,0.26887295765255087,-4.0
812.0,0.2687729243081027,-10.0
813.0,0.26867289096365454,8.0
814.0,0.2685728576192064,8.0
815.0,0.26847282427475827,7.0
816.0,0.2683727909303101,7.0
817.0,0.26827275758586194,7.0
818.0,0.2681727242414138,-10.0
819.0,0.26807269089696567,8.0
820.0,0.2679726575525175,-11.0
821.0,0.26787262420806934,-8.0
822.0,0.2677725908636212,9.0
823.0,0.26767255751917307,-9.0
824.0,0.26757252417472493,-8.0
825.0,0.26747249083027674,8.0
826.0,0.2673724574858286,9.0
827.0,0.26727242414138047,-9.0
828.0,0.26717239079693234,-9.0
829.0,0.26707235745248414,9.0
830.0,0.266972324108036,9.0
831.0,0.26687229076358787,8.0
832.0,0.26677225741913974,9.0
833.0,0.26667222407469154,8.0
834.0,0.2665721907302434,-8.0
835.0,0.26647215738579527,-4.0
836.0,0.26637212404134714,9.0
837.0,0.26627209069689894,7.0
838.0,0.2661720573524508,-10.0
839.0,0.26607202400800267,-10.0
840.0,0.26597199066355454,-11.0
841.0,0.26587195731910634,9.0
842.0,0.2657719239746582,8.0
843.0,0.2656718906302101,-8.0
844.0,0.26557185728576194,8.0
845.0,0.26547182394131374,-9.0
846.0,0.2653717905968656,7.0
847.0,0.2652717572524175,-8.0
848.0,0.26517172390796934,8.0
849.0,0.26507169056352115,8.0
850.0,0.264971657219073,9.0
851.0,0.2648716238746249,8.0
852.0,0.26477159053017674,-11.0
853.0,0.26467155718572855,8.0
854.0,0.26457152384128046,-10.0
855.0,0.2644714904968323,8.0
856.0,0.26437145715238414,7.0
857.0,0.26427142380793595,-9.0
858.0,0.26417139046348787,8.0
859.0,0.2640713571190397,-9.0
860.0,0.26397132377459154,-11.0
861.0,0.26387129043014335,8.0
862.0,0.26377125708569527,-4.0
863.0,0.2636712237412471,8.0
864.0,0.26357119039679894,-10.0
865.0,0.26347115705235075,10.0
866.0,0.26337112370790267,8.0
867.0,0.2632710903634545,9.0
868.0,0.26317105701900634,8.0
869.0,0.2630710236745582,-10.0
870.0,0.26297099033011007,7.0
871.0,0.2628709569856619,-10.0
872.0,0.26277092364121374,-5.0
873.0,0.2626708902967656,-10.0
874.0,0.26257085695231747,-10.0
875.0,0.2624708236078693,-10.0
876.0,0.26237079026342114,7.0
877.0,0.262270756918973,8.0
878.0,0.26217072357452487,-4.0
879.0,0.2620706902300767,9.0
880.0,0.26197065688562854,-9.0
881.0,0.2618706235411804,-10.0
882.0,0.26177059019673227,-10.0
883.0,0.2616705568522841,-10.0
884.0,0.26157052350783594,7.0
885.0,0.2614704901633878,7.0
886.0,0.26137045681893967,7.0
887.0,0.2612704234744915,-8.0
888.0,0.26117039013004334,8.0
889.0,0.2610703567855952,8.0
890.0,0.26097032344114707,-8.0
891.0,0.2608702900966989,-8.0
892.0,0.26077025675225074,8.0
893.0,0.2606702234078026,7.0
894.0,0.26057019006335447,8.0
895.0,0.2604701567189063,-8.0
896.0,0.26037012337445814,7.0
897.0,0.26027009003001,7.0
898.0,0.26017005668556187,-9.0
899.0,0.26007002334111373,7.0
900.0,0.25996998999666554,8.0
901.0,0.2598699566522174,-4.0
902.0,0.25976992330776927,-4.0
903.0,0.25966988996332113,-8.0
904.0,0.25956985661887294,8.0
905.0,0.2594698232744248,-10.0
906.0,0.25936978992997667,-9.0
907.0,0.25926975658552853,-3.0
908.0,0.25916972324108034,8.0
909.0,0.2590696898966322,8.0
910.0,0.25896965655218407,8.0
911.0,0.25886962320773593,8.0
912.0,0.25876958986328774,-9.0
913.0,0.2586695565188396,-11.0
914.0,0.25856952317439147,8.0
915.0,0.25846948982994333,-8.0
916.0,0.25836945648549514,-4.0
917.0,0.258269423141047,-11.0
918.0,0.25816938979659887,10.0
919.0,0.25806935645215073,-8.0
920.0,0.25796932310770254,7.0
921.0,0.2578692897632544,8.0
922.0,0.25776925641880627,-5.0
923.0,0.25766922307435813,8.0
924.0,0.25756918972990994,7.0
925.0,0.2574691563854618,-4.0
926.0,0.25736912304101367,7.0
927.0,0.25726908969656553,7.0
928.0,0.25716905635211734,-9.0
929.0,0.25706902300766926,8.0
930.0,0.25696898966322107,-9.0
931.0,0.25686895631877293,8.0
932.0,0.25676892297432474,8.0
933.0,0.25666888962987666,8.0
934.0,0.25656885628542847,8.0
935.0,0.25646882294098033,7.0
936.0,0.25636878959653214,7.0
937.0,0.25626875625208406,10.0
938.0,0.25616872290763587,10.0
939.0,0.25606868956318773,-4.0
940.0,0.25596865621873954,-10.0
941.0,0.25586862287429146,-11.0
942.0,0.25576858952984327,-10.0
943.0,0.25566855618539513,8.0
944.0,0.255568522840947,-5.0
945.0,0.25546848949649886,8.0
946.0,0.25536845615205067,7.0
947.0,0.25526842280760254,8.0
948.0,0.2551683894631544,8.0
949.0,0.25506835611870626,8.0
950.0,0.25496832277425807,8.0
951.0,0.25486828942980994,8.0
952.0,0.2547682560853618,8.0
953.0,0.25466822274091366,-9.0
954.0,0.25456818939646547,-4.0
955.0,0.25446815605201734,-11.0
956.0,0.2543681227075692,8.0
957.0,0.25426808936312106,-8.0
958.0,0.25416805601867287,-10.0
959.0,0.25406802267422474,-10.0
960.0,0.2539679893297766,8.0
961.0,0.25386795598532846,8.0
962.0,0.2537679226408803,8.0
963.0,0.25366788929643214,-3.0
964.0,0.253567855951984,8.0
965.0,0.25346782260753586,7.0
966.0,0.2533677892630877,8.0
967.0,0.25326775591863954,8.0
968.0,0.2531677225741914,8.0
969.0,0.25306768922974326,-10.0
970.0,0.2529676558852951,-10.0
971.0,0.25286762254084694,8.0
972.0,0.2527675891963988,-10.0
973.0,0.25266755585195066,7.0
974.0,0.2525675225075025,9.0
975.0,0.25246748916305434,7.0
976.0,0.2523674558186062,8.0
977.0,0.25226742247415807,-8.0
978.0,0.25216738912970993,-8.0
979.0,0.25206735578526174,7.0
980.0,0.2519673224408136,-11.0
981.0,0.25186728909636547,-11.0
982.0,0.25176725575191733,8.0
983.0,0.25166722240746914,8.0
984.0,0.251567189063021,-10.0
985.0,0.25146715571857287,-3.0
986.0,0.25136712237412473,-10.0
987.0,0.25126708902967654,-5.0
988.0,0.2511670556852284,-10.0
989.0,0.25106702234078027,7.0
990.0,0.25096698899633213,7.0
991.0,0.25086695565188394,8.0
992.0,0.2507669223074358,-11.0
993.0,0.25066688896298767,8.0
994.0,0.25056685561853953,8.0
995.0,0.25046682227409134,8.0
996.0,0.2503667889296432,8.0
997.0,0.25026675558519507,-10.0
998.0,0.25016672224074693,10.0
999.0,0.25006668889629874,-11.0
1000.0,0.2499666555518506,8.0
1001.0,0.24986662220740247,8.0
1002.0,0.24976658886295433,10.0
1003.0,0.24966655551850614,8.0
1004.0,0.249566522174058,8.0
1005.0,0.24946648882960987,-9.0
1006.0,0.24936645548516173,-8.0
1007.0,0.24926642214071354,-8.0
1008.0,0.24916638879626546,7.0
1009.0,0.24906635545181727,8.0
1010.0,0.24896632210736913,8.0
1011.0,0.24886628876292094,-10.0
1012.0,0.24876625541847286,8.0
1013.0,0.24866622207402467,8.0
1014.0,0.24856618872957653,8.0
1015.0,0.24846615538512834,8.0
1016.0,0.24836612204068026,-10.0
1017.0,0.24826608869623207,8.0
1018.0,0.24816605535178393,7.0
1019.0,0.24806602200733574,9.0
1020.0,0.24796598866288766,-8.0
1021.0,0.24786595531843947,-11.0
1022.0,0.24776592197399133,-10.0
1023.0,0.2476658886295432,8.0
1024.0,0.24756585528509506,8.0
1025.0,0.24746582194064687,-11.0
1026.0,0.24736578859619873,-11.0
1027.0,0.2472657552517506,8.0
1028.0,0.24716572190730246,8.0
1029.0,0.24706568856285427,-4.0
1030.0,0.24696565521840613,8.0
1031.0,0.246865621873958,8.0
1032.0,0.24676558852950986,-9.0
1033.0,0.24666555518506167,8.0
1034.0,0.24656552184061353,-10.0
1035.0,0.2464654884961654,9.0
1036.0,0.24636545515171726,-4.0
1037.0,0.24626542180726907,8.0
1038.0,0.24616538846282093,-11.0
1039.0,0.2460653551183728,7.0
1040.0,0.24596532177392466,-10.0
1041.0,0.24586528842947647,-8.0
1042.0,0.24576525508502833,8.0
1043.0,0.2456652217405802,-10.0
1044.0,0.24556518839613206,-4.0
1045.0,0.24546515505168387,8.0
1046.0,0.24536512170723573,7.0
1047.0,0.2452650883627876,8.0
1048.0,0.24516505501833946,8.0
1049.0,0.24506502167389127,7.0
1050.0,0.24496498832944313,8.0
1051.0,0.244864954984995,-9.0
1052.0,0.24476492164054686,8.0
1053.0,0.24466488829609873,9.0
1054.0,0.24456485495165053,8.0
1055.0,0.2444648216072024,-3.0
1056.0,0.24436478826275426,-9.0
1057.0,0.24426475491830613,-10.0
1058.0,0.24416472157385793,-10.0
1059.0,0.2440646882294098,8.0
1060.0,0.24396465488496166,-10.0
1061.0,0.24386462154051353,8.0
1062.0,0.24376458819606533,8.0
1063.0,0.2436645548516172,-10.0
1064.0,0.24356452150716906,8.0
1065.0,0.24346448816272093,-3.0
1066.0,0.24336445481827274,-10.0
1067.0,0.2432644214738246,8.0
1068.0,0.24316438812937646,-5.0
1069.0,0.24306435478492833,-8.0
1070.0,0.24296432144048014,8.0
1071.0,0.242864288096032,-5.0
1072.0,0.24276425475158386,9.0
1073.0,0.24266422140713573,8.0
1074.0,0.24256418806268754,-9.0
1075.0,0.2424641547182394,8.0
1076.0,0.24236412137379126,7.0
1077.0,0.24226408802934313,-10.0
1078.0,0.24216405468489494,8.0
1079.0,0.2420640213404468,8.0
1080.0,0.24196398799599866,8.0
1081.0,0.24186395465155053,8.0
1082.0,0.24176392130710234,7.0
1083.0,0.24166388796265426,8.0
1084.0,0.24156385461820606,-9.0
1085.0,0.24146382127375793,-10.0
1086.0,0.24136378792930974,-8.0
1087.0,0.24126375458486166,8.0
1088.0,0.24116372124041346,8.0
1089.0,0.24106368789596533,-9.0
1090.0,0.24096365455151714,-9.0
1091.0,0.24086362120706906,-4.0
1092.0,0.24076358786262086,8.0
1093.0,0.24066355451817273,8.0
1094.0,0.24056352117372454,-10.0
1095.0,0.24046348782927646,8.0
1096.0,0.24036345448482827,-10.0
1097.0,0.24026342114038013,8.0
1098.0,0.240163387795932,-3.0
1099.0,0.24006335445148386,8.0
1100.0,0.23996332110703567,-10.0
1101.0,0.23986328776258753,8.0
1102.0,0.2397632544181394,-10.0
1103.0,0.23966322107369126,-10.0
1104.0,0.23956318772924307,-3.0
1105.0,0.23946315438479493,-3.0
1106.0,0.2393631210403468,8.0
1107.0,0.23926308769589866,9.0
1108.0,0.23916305435145047,-8.0
1109.0,0.23906302100700233,8.0
1110.0,0.2389629876625542,7.0
1111.0,0.23886295431810606,-10.0
1112.0,0.23876292097365787,8.0
1113.0,0.23866288762920973,8.0
1114.0,0.2385628542847616,-4.0
1115.0,0.23846282094031346,-8.0
1116.0,0.23836278759586527,-8.0
1117.0,0.23826275425141713,-10.0
1118.0,0.238162720906969,8.0
1119.0,0.23806268756252086,-9.0
1120.0,0.23796265421807267,8.0
1121.0,0.23786262087362453,7.0
1122.0,0.2377625875291764,8.0
1123.0,0.23766255418472826,10.0
1124.0,0.23756252084028007,-10.0
1125.0,0.23746248749583193,-9.0
1126.0,0.2373624541513838,9.0
1127.0,0.23726242080693566,8.0
1128.0,0.23716238746248752,7.0
1129.0,0.23706235411803933,8.0
1130.0,0.2369623207735912,-8.0
1131.0,0.23686228742914306,-8.0
1132.0,0.23676225408469492,7.0
1133.0,0.23666222074024673,-10.0
1134.0,0.2365621873957986,-8.0
1135.0,0.23646215405135046,-9.0
1136.0,0.23636212070690232,-9.0
1137.0,0.23626208736245413,-3.0
1138.0,0.236162054018006,-8.0
1139.0,0.23606202067355786,8.0
1140.0,0.23596198732910972,8.0
1141.0,0.23586195398466153,7.0
1142.0,0.2357619206402134,8.0
1143.0,0.23566188729576526,-10.0
1144.0,0.23556185395131712,8.0
1145.0,0.23546182060686893,-10.0
1146.0,0.2353617872624208,7.0
1147.0,0.23526175391797266,-3.0
1148.0,0.23516172057352452,-5.0
1149.0,0.23506168722907633,7.0
1150.0,0.2349616538846282,8.0
1151.0,0.23486162054018006,8.0
1152.0,0.23476158719573192,8.0
1153.0,0.23466155385128373,-10.0
1154.0,0.2345615205068356,7.0
1155.0,0.23446148716238746,8.0
1156.0,0.23436145381793932,7.0
1157.0,0.23426142047349113,7.0
1158.0,0.23416138712904305,8.0
1159.0,0.23406135378459486,8.0
1160.0,0.23396132044014673,8.0
1161.0,0.23386128709569853,8.0
1162.0,0.23376125375125045,7.0
1163.0,0.23366122040680226,9.0
1164.0,0.23356118706235413,-8.0
1165.0,0.23346115371790593,8.0
1166.0,0.23336112037345785,-11.0
1167.0,0.23326108702900966,7.0
1168.0,0.23316105368456153,7.0
1169.0,0.23306102034011333,-3.0
1170.0,0.23296098699566525,-9.0
1171.0,0.23286095365121706,8.0
1172.0,0.23276092030676893,7.0
1173.0,0.2326608869623208,7.0
1174.0,0.23256085361787265,8.0
1175.0,0.23246082027342446,-3.0
1176.0,0.23236078692897633,8.0
1177.0,0.2322607535845282,10.0
1178.0,0.23216072024008005,-3.0
1179.0,0.23206068689563186,-11.0
1180.0,0.23196065355118373,8.0
1181.0,0.2318606202067356,-10.0
1182.0,0.23176058686228745,8.0
1183.0,0.23166055351783926,-10.0
1184.0,0.23156052017339113,8.0
1185.0,0.231460486828943,-3.0
1186.0,0.23136045348449485,-10.0
1187.0,0.23126042014004666,8.0
1188.0,0.23116038679559853,-9.0
1189.0,0.2310603534511504,-8.0
1190.0,0.23096032010670225,-10.0
1191.0,0.23086028676225406,7.0
1192.0,0.23076025341780593,8.0
1193.0,0.2306602200733578,-8.0
1194.0,0.23056018672890966,7.0
1195.0,0.23046015338446146,8.0
1196.0,0.23036012004001333,8.0
1197.0,0.2302600866955652,-5.0
1198.0,0.23016005335111706,-11.0
1199.0,0.23006002000666886,8.0
1200.0,0.22995998666222073,8.0
1201.0,0.2298599533177726,-4.0
1202.0,0.22975991997332446,8.0
1203.0,0.22965988662887632,7.0
1204.0,0.22955985328442813,8.0
1205.0,0.22945981993998,8.0
1206.0,0.22935978659553186,10.0
1207.0,0.22925975325108372,-10.0
1208.0,0.22915971990663553,-3.0
1209.0,0.2290596865621874,7.0
1210.0,0.22895965321773926,-4.0
1211.0,0.22885961987329112,8.0
1212.0,0.22875958652884293,7.0
1213.0,0.2286595531843948,10.0
1214.0,0.22855951983994666,-4.0
1215.0,0.22845948649549852,8.0
1216.0,0.22835945315105033,-3.0
1217.0,0.2282594198066022,7.0
1218.0,0.22815938646215406,-9.0
1219.0,0.22805935311770592,-3.0
1220.0,0.22795931977325773,8.0
1221.0,0.2278592864288096,-3.0
1222.0,0.22775925308436146,7.0
1223.0,0.22765921973991332,8.0
1224.0,0.22755918639546513,8.0
1225.0,0.227459153051017,-8.0
1226.0,0.22735911970656886,8.0
1227.0,0.22725908636212072,7.0
1228.0,0.22715905301767253,8.0
1229.0,0.2270590196732244,8.0
1230.0,0.22695898632877626,8.0
1231.0,0.22685895298432812,7.0
1232.0,0.22675891963987993,-11.0
1233.0,0.2266588862954318,-10.0
1234.0,0.22655885295098366,8.0
1235.0,0.22645881960653552,8.0
1236.0,0.22635878626208733,7.0
1237.0,0.22625875291763925,8.0
1238.0,0.22615871957319106,7.0
1239.0,0.22605868622874292,-11.0
1240.0,0.22595865288429473,8.0
1241.0,0.22585861953984665,8.0
1242.0,0.22575858619539846,-11.0
1243.0,0.22565855285095032,-9.0
1244.0,0.22555851950650213,8.0
1245.0,0.22545848616205405,-4.0
1246.0,0.22535845281760586,8.0
1247.0,0.22525841947315772,-11.0
1248.0,0.22515838612870953,8.0
1249.0,0.22505835278426145,8.0
1250.0,0.22495831943981326,10.0
1251.0,0.22485828609536512,8.0
1252.0,0.224758252750917,8.0
1253.0,0.22465821940646885,-9.0
1254.0,0.22455818606202066,8.0
1255.0,0.22445815271757252,-8.0
1256.0,0.2243581193731244,-3.0
1257.0,0.22425808602867625,8.0
1258.0,0.22415805268422806,-11.0
1259.0,0.22405801933977992,9.0
1260.0,0.2239579859953318,8.0
1261.0,0.22385795265088365,8.0
1262.0,0.22375791930643546,8.0
1263.0,0.22365788596198732,-10.0
1264.0,0.2235578526175392,7.0
1265.0,0.22345781927309105,8.0
1266.0,0.22335778592864286,-3.0
1267.0,0.22325775258419472,-3.0
1268.0,0.2231577192397466,7.0
1269.0,0.22305768589529845,-9.0
1270.0,0.22295765255085026,8.0
1271.0,0.22285761920640212,10.0
1272.0,0.222757585861954,-3.0
1273.0,0.22265755251750585,-11.0
1274.0,0.22255751917305766,-10.0
1275.0,0.22245748582860952,8.0
1276.0,0.2223574524841614,-8.0
1277.0,0.22225741913971325,7.0
1278.0,0.22215738579526506,-11.0
1279.0,0.22205735245081692,7.0
1280.0,0.2219573191063688,8.0
1281.0,0.22185728576192065,8.0
1282.0,0.22175725241747252,-11.0
1283.0,0.22165721907302433,-8.0
1284.0,0.2215571857285762,-10.0
1285.0,0.22145715238412805,7.0
1286.0,0.22135711903967992,-11.0
1287.0,0.22125708569523173,10.0
1288.0,0.2211570523507836,-11.0
1289.0,0.22105701900633545,7.0
1290.0,0.22095698566188732,-10.0
1291.0,0.22085695231743913,-10.0
1292.0,0.220756918972991,-8.0
1293.0,0.22065688562854285,8.0
1294.0,0.22055685228409472,8.0
1295.0,0.22045681893964653,-10.0
1296.0,0.2203567855951984,7.0
1297.0,0.22025675225075025,8.0
1298.0,0.22015671890630212,8.0
1299.0,0.22005668556185393,-3.0
1300.0,0.2199566522174058,-8.0
1301.0,0.21985661887295765,-9.0
1302.0,0.21975658552850952,8.0
1303.0,0.21965655218406133,7.0
1304.0,0.2195565188396132,8.0
1305.0,0.21945648549516505,-8.0
1306.0,0.21935645215071692,-3.0
1307.0,0.21925641880626873,-11.0
1308.0,0.2191563854618206,-9.0
1309.0,0.21905635211737245,8.0
1310.0,0.21895631877292432,8.0
1311.0,0.21885628542847613,-10.0
1312.0,0.21875625208402805,-10.0
1313.0,0.21865621873957986,-10.0
1314.0,0.21855618539513172,-10.0
1315.0,0.21845615205068353,8.0
1316.0,0.21835611870623545,-9.0
1317.0,0.21825608536178726,8.0
1318.0,0.21815605201733912,8.0
1319.0,0.21805601867289093,10.0
1320.0,0.21795598532844285,8.0
1321.0,0.21785595198399466,8.0
1322.0,0.21775591863954652,8.0
1323.0,0.21765588529509833,7.0
1324.0,0.21755585195065025,-10.0
1325.0,0.21745581860620206,10.0
1326.0,0.21735578526175392,7.0
1327.0,0.21725575191730578,-8.0
1328.0,0.21715571857285765,-9.0
1329.0,0.21705568522840946,8.0
1330.0,0.21695565188396132,8.0
1331.0,0.21685561853951318,-3.0
1332.0,0.21675558519506505,-10.0
1333.0,0.21665555185061686,-5.0
1334.0,0.21655551850616872,8.0
1335.0,0.21645548516172058,8.0
1336.0,0.21635545181727245,7.0
1337.0,0.21625541847282426,-10.0
1338.0,0.21615538512837612,9.0
1339.0,0.21605535178392798,7.0
1340.0,0.21595531843947985,8.0
1341.0,0.21585528509503166,8.0
1342.0,0.21575525175058352,8.0
1343.0,0.21565521840613538,7.0
1344.0,0.21555518506168725,9.0
1345.0,0.21545515171723906,8.0
1346.0,0.21535511837279092,9.0
1347.0,0.21525508502834279,7.0
1348.0,0.21515505168389465,-10.0
1349.0,0.21505501833944646,8.0
1350.0,0.21495498499499832,8.0
1351.0,0.21485495165055019,-3.0
1352.0,0.21475491830610205,9.0
1353.0,0.21465488496165386,9.0
1354.0,0.21455485161720572,9.0
1355.0,0.21445481827275759,-11.0
1356.0,0.21435478492830945,8.0
1357.0,0.2142547515838613,-9.0
1358.0,0.21415471823941312,7.0
1359.0,0.21405468489496499,9.0
1360.0,0.21395465155051685,-11.0
1361.0,0.21385461820606871,-9.0
1362.0,0.21375458486162052,8.0
1363.0,0.2136545515171724,7.0
1364.0,0.21355451817272425,-9.0
1365.0,0.21345448482827611,-11.0
1366.0,0.21335445148382792,10.0
1367.0,0.2132544181393798,9.0
1368.0,0.21315438479493165,-9.0
1369.0,0.21305435145048351,8.0
1370.0,0.21295431810603532,10.0
1371.0,0.2128542847615872,8.0
1372.0,0.21275425141713905,9.0
1373.0,0.21265421807269091,8.0
1374.0,0.21255418472824272,8.0
1375.0,0.2124541513837946,-10.0
1376.0,0.21235411803934645,-3.0
1377.0,0.21225408469489832,8.0
1378.0,0.21215405135045012,-10.0
1379.0,0.212054018006002,-10.0
1380.0,0.21195398466155385,8.0
1381.0,0.21185395131710572,-11.0
1382.0,0.21175391797265752,-10.0
1383.0,0.2116538846282094,8.0
1384.0,0.21155385128376125,7.0
1385.0,0.21145381793931312,8.0
1386.0,0.21135378459486492,8.0
1387.0,0.21125375125041684,8.0
1388.0,0.21115371790596865,-10.0
1389.0,0.21105368456152052,7.0
1390.0,0.21095365121707232,-8.0
1391.0,0.21085361787262424,8.0
1392.0,0.21075358452817605,10.0
1393.0,0.21065355118372792,-8.0
1394.0,0.21055351783927972,8.0
1395.0,0.21045348449483164,7.0
1396.0,0.21035345115038345,7.0
1397.0,0.21025341780593532,8.0
1398.0,0.21015338446148712,-4.0
1399.0,0.21005335111703904,7.0
1400.0,0.20995331777259085,-10.0
1401.0,0.20985328442814272,-11.0
1402.0,0.20975325108369458,9.0
1403.0,0.20965321773924644,8.0
1404.0,0.20955318439479825,-9.0
1405.0,0.20945315105035012,7.0
1406.0,0.20935311770590198,-10.0
1407.0,0.20925308436145384,8.0
1408.0,0.20915305101700565,7.0
1409.0,0.20905301767255752,8.0
1410.0,0.20895298432810938,8.0
1411.0,0.20885295098366125,10.0
1412.0,0.20875291763921305,-11.0
1413.0,0.20865288429476492,9.0
1414.0,0.20855285095031678,8.0
1415.0,0.20845281760586865,-10.0
1416.0,0.20835278426142045,7.0
1417.0,0.20825275091697232,8.0
1418.0,0.20815271757252418,-5.0
1419.0,0.20805268422807605,7.0
1420.0,0.20795265088362785,7.0
1421.0,0.20785261753917972,-4.0
1422.0,0.20775258419473158,7.0
1423.0,0.20765255085028345,-9.0
1424.0,0.20755251750583525,8.0
1425.0,0.20745248416138712,-4.0
1426.0,0.20735245081693898,-10.0
1427.0,0.20725241747249085,8.0
1428.0,0.20715238412804265,-3.0
1429.0,0.20705235078359452,-10.0
1430.0,0.20695231743914638,7.0
1431.0,0.20685228409469825,-5.0
1432.0,0.2067522507502501,-4.0
1433.0,0.20665221740580192,7.0
1434.0,0.20655218406135378,9.0
1435.0,0.20645215071690565,8.0
1436.0,0.2063521173724575,10.0
1437.0,0.20625208402800932,-9.0
1438.0,0.20615205068356118,8.0
1439.0,0.20605201733911305,8.0
1440.0,0.2059519839946649,-10.0
1441.0,0.20585195065021672,-9.0
1442.0,0.20575191730576858,8.0
1443.0,0.20565188396132045,8.0
1444.0,0.2055518506168723,-8.0
1445.0,0.20545181727242412,-10.0
1446.0,0.20535178392797598,-10.0
1447.0,0.20525175058352785,10.0
1448.0,0.2051517172390797,-8.0
1449.0,0.20505168389463152,-8.0
1450.0,0.20495165055018338,-9.0
1451.0,0.20485161720573525,-9.0
1452.0,0.2047515838612871,-10.0
1453.0,0.20465155051683892,8.0
1454.0,0.20455151717239078,8.0
1455.0,0.20445148382794265,9.0
1456.0,0.2043514504834945,10.0
1457.0,0.20425141713904632,-10.0
1458.0,0.20415138379459818,8.0
1459.0,0.20405135045015005,-10.0
1460.0,0.2039513171057019,8.0
1461.0,0.20385128376125372,7.0
1462.0,0.20375125041680564,8.0
1463.0,0.20365121707235745,8.0
1464.0,0.2035511837279093,10.0
1465.0,0.20345115038346112,-8.0
1466.0,0.20335111703901304,8.0
1467.0,0.20325108369456485,-10.0
1468.0,0.2031510503501167,7.0
1469.0,0.20305101700566852,-9.0
1470.0,0.20295098366122044,-11.0
1471.0,0.20285095031677225,-9.0
1472.0,0.2027509169723241,-11.0
1473.0,0.20265088362787592,-10.0
1474.0,0.20255085028342784,-10.0
1475.0,0.20245081693897965,7.0
1476.0,0.2023507835945315,-11.0
1477.0,0.20225075025008338,-10.0
1478.0,0.20215071690563524,-10.0
1479.0,0.20205068356118705,-8.0
1480.0,0.20195065021673891,9.0
1481.0,0.20185061687229078,7.0
1482.0,0.20175058352784264,-10.0
1483.0,0.20165055018339445,-4.0
1484.0,0.20155051683894631,9.0
1485.0,0.20145048349449818,-9.0
1486.0,0.20135045015005004,-10.0
1487.0,0.20125041680560185,-4.0
1488.0,0.20115038346115371,7.0
1489.0,0.20105035011670558,8.0
1490.0,0.20095031677225744,-9.0
1491.0,0.20085028342780925,-11.0
1492.0,0.20075025008336111,-11.0
1493.0,0.20065021673891298,-9.0
1494.0,0.20055018339446484,7.0
1495.0,0.20045015005001665,7.0
1496.0,0.20035011670556852,8.0
1497.0,0.20025008336112038,10.0
1498.0,0.20015005001667224,-8.0
1499.0,0.20005001667222405,7.0
1500.0,0.19994998332777592,8.0
1501.0,0.19984994998332778,-11.0
1502.0,0.19974991663887964,10.0
1503.0,0.19964988329443145,-8.0
1504.0,0.19954984994998332,-3.0
1505.0,0.19944981660553518,8.0
1506.0,0.19934978326108704,7.0
1507.0,0.19924974991663885,8.0
1508.0,0.19914971657219072,-8.0
1509.0,0.19904968322774258,8.0
1510.0,0.19894964988329444,7.0
1511.0,0.19884961653884625,-8.0
1512.0,0.19874958319439812,7.0
1513.0,0.19864954984994998,-4.0
1514.0,0.19854951650550184,7.0
1515.0,0.19844948316105365,9.0
1516.0,0.19834944981660552,-9.0
1517.0,0.19824941647215738,-10.0
1518.0,0.19814938312770924,-9.0
1519.0,0.19804934978326105,8.0
1520.0,0.19794931643881292,8.0
1521.0,0.19784928309436478,-11.0
1522.0,0.19774924974991664,-10.0
1523.0,0.1976492164054685,-5.0
1524.0,0.19754918306102032,8.0
1525.0,0.19744914971657218,7.0
1526.0,0.19734911637212404,8.0
1527.0,0.1972490830276759,-3.0
1528.0,0.19714904968322772,-9.0
1529.0,0.19704901633877958,9.0
1530.0,0.19694898299433145,8.0
1531.0,0.1968489496498833,-11.0
1532.0,0.19674891630543512,7.0
1533.0,0.19664888296098698,-8.0
1534.0,0.19654884961653885,9.0
1535.0,0.1964488162720907,-8.0
1536.0,0.19634878292764252,9.0
1537.0,0.19624874958319438,-9.0
1538.0,0.19614871623874625,-3.0
1539.0,0.1960486828942981,-11.0
1540.0,0.19594864954984997,-4.0
1541.0,0.19584861620540178,-10.0
1542.0,0.19574858286095365,8.0
1543.0,0.1956485495165055,-3.0
1544.0,0.19554851617205737,8.0
1545.0,0.19544848282760918,9.0
1546.0,0.19534844948316105,8.0
1547.0,0.1952484161387129,7.0
1548.0,0.19514838279426477,8.0
1549.0,0.19504834944981658,-9.0
1550.0,0.19494831610536845,8.0
1551.0,0.1948482827609203,8.0
1552.0,0.19474824941647217,-10.0
1553.0,0.19464821607202404,8.0
1554.0,0.19454818272757585,8.0
1555.0,0.1944481493831277,-9.0
1556.0,0.19434811603867957,7.0
1557.0,0.19424808269423144,-10.0
1558.0,0.19414804934978325,7.0
1559.0,0.1940480160053351,-10.0
1560.0,0.19394798266088698,8.0
1561.0,0.19384794931643884,7.0
1562.0,0.19374791597199065,8.0
1563.0,0.1936478826275425,7.0
1564.0,0.19354784928309438,-11.0
1565.0,0.19344781593864624,-11.0
1566.0,0.19334778259419805,8.0
1567.0,0.1932477492497499,-10.0
1568.0,0.19314771590530178,7.0
1569.0,0.19304768256085364,8.0
1570.0,0.19294764921640545,7.0
1571.0,0.1928476158719573,8.0
1572.0,0.19274758252750918,7.0
1573.0,0.19264754918306104,-9.0
1574.0,0.19254751583861285,8.0
1575.0,0.1924474824941647,-11.0
1576.0,0.19234744914971658,-10.0
1577.0,0.19224741580526844,7.0
1578.0,0.19214738246082025,7.0
1579.0,0.1920473491163721,8.0
1580.0,0.19194731577192398,8.0
1581.0,0.19184728242747584,8.0
1582.0,0.19174724908302765,7.0
1583.0,0.1916472157385795,8.0
1584.0,0.19154718239413138,8.0
1585.0,0.19144714904968324,-9.0
1586.0,0.19134711570523505,7.0
1587.0,0.1912470823607869,9.0
1588.0,0.19114704901633878,-10.0
1589.0,0.19104701567189064,-10.0
1590.0,0.19094698232744245,8.0
1591.0,0.1908469489829943,8.0
1592.0,0.19074691563854618,7.0
1593.0,0.19064688229409804,8.0
1594.0,0.19054684894964985,8.0
1595.0,0.1904468156052017,-4.0
1596.0,0.19034678226075358,8.0
1597.0,0.19024674891630544,7.0
1598.0,0.19014671557185725,8.0
1599.0,0.1900466822274091,9.0
1600.0,0.18994664888296098,8.0
1601.0,0.18984661553851284,7.0
1602.0,0.1897465821940647,8.0
1603.0,0.18964654884961651,8.0
1604.0,0.18954651550516838,-4.0
1605.0,0.18944648216072024,8.0
1606.0,0.1893464488162721,8.0
1607.0,0.18924641547182391,-9.0
1608.0,0.18914638212737578,-10.0
1609.0,0.18904634878292764,-10.0
1610.0,0.1889463154384795,8.0
1611.0,0.18884628209403131,8.0
1612.0,0.18874624874958318,8.0
1613.0,0.18864621540513504,8.0
1614.0,0.1885461820606869,8.0
1615.0,0.18844614871623877,8.0
1616.0,0.18834611537179058,-8.0
1617.0,0.18824608202734244,9.0
1618.0,0.1881460486828943,7.0
1619.0,0.18804601533844617,-11.0
1620.0,0.18794598199399798,-10.0
1621.0,0.18784594864954984,7.0
1622.0,0.1877459153051017,8.0
1623.0,0.18764588196065357,9.0
1624.0,0.18754584861620538,7.0
1625.0,0.18744581527175724,9.0
1626.0,0.1873457819273091,-9.0
1627.0,0.18724574858286097,7.0
1628.0,0.18714571523841278,7.0
1629.0,0.18704568189396464,-10.0
1630.0,0.1869456485495165,-8.0
1631.0,0.18684561520506837,9.0
1632.0,0.18674558186062024,7.0
1633.0,0.18664554851617204,-9.0
1634.0,0.1865455151717239,7.0
1635.0,0.18644548182727577,8.0
1636.0,0.18634544848282764,-8.0
1637.0,0.18624541513837944,8.0
1638.0,0.1861453817939313,-11.0
1639.0,0.18604534844948317,7.0
1640.0,0.18594531510503504,8.0
1641.0,0.18584528176058684,8.0
1642.0,0.1857452484161387,7.0
1643.0,0.18564521507169057,7.0
1644.0,0.18554518172724244,8.0
1645.0,0.18544514838279424,-9.0
1646.0,0.1853451150383461,-11.0
1647.0,0.18524508169389797,-3.0
1648.0,0.18514504834944984,8.0
1649.0,0.18504501500500165,8.0
1650.0,0.1849449816605535,-10.0
1651.0,0.18484494831610537,8.0
1652.0,0.18474491497165724,7.0
1653.0,0.18464488162720905,-3.0
1654.0,0.1845448482827609,-5.0
1655.0,0.18444481493831277,-4.0
1656.0,0.18434478159386464,10.0
1657.0,0.18424474824941645,7.0
1658.0,0.1841447149049683,-11.0
1659.0,0.18404468156052017,8.0
1660.0,0.18394464821607204,7.0
1661.0,0.18384461487162385,7.0
1662.0,0.1837445815271757,-11.0
1663.0,0.18364454818272757,-9.0
1664.0,0.18354451483827944,8.0
1665.0,0.18344448149383125,7.0
1666.0,0.1833444481493831,-11.0
1667.0,0.18324441480493497,8.0
1668.0,0.18314438146048684,7.0
1669.0,0.18304434811603865,8.0
1670.0,0.1829443147715905,-11.0
1671.0,0.18284428142714237,-3.0
1672.0,0.18274424808269424,-11.0
1673.0,0.18264421473824605,-11.0
1674.0,0.1825441813937979,-10.0
1675.0,0.18244414804934977,-9.0
1676.0,0.18234411470490164,8.0
1677.0,0.1822440813604535,10.0
1678.0,0.1821440480160053,7.0
1679.0,0.18204401467155717,-11.0
1680.0,0.18194398132710904,8.0
1681.0,0.1818439479826609,8.0
1682.0,0.1817439146382127,-3.0
1683.0,0.18164388129376458,-9.0
1684.0,0.18154384794931644,8.0
1685.0,0.1814438146048683,-10.0
1686.0,0.1813437812604201,-10.0
1687.0,0.18124374791597198,8.0
1688.0,0.18114371457152384,8.0
1689.0,0.1810436812270757,-10.0
1690.0,0.18094364788262757,7.0
1691.0,0.18084361453817938,-11.0
1692.0,0.18074358119373124,8.0
1693.0,0.1806435478492831,8.0
1694.0,0.18054351450483497,-5.0
1695.0,0.18044348116038678,8.0
1696.0,0.18034344781593864,8.0
1697.0,0.1802434144714905,7.0
1698.0,0.18014338112704237,7.0
1699.0,0.18004334778259418,7.0
1700.0,0.17994331443814604,-11.0
1701.0,0.1798432810936979,7.0
1702.0,0.17974324774924977,-11.0
1703.0,0.17964321440480158,-3.0
1704.0,0.17954318106035344,8.0
1705.0,0.1794431477159053,7.0
1706.0,0.17934311437145717,-3.0
1707.0,0.17924308102700903,7.0
1708.0,0.17914304768256084,-10.0
1709.0,0.1790430143381127,7.0
1710.0,0.17894298099366457,-11.0
1711.0,0.17884294764921643,7.0
1712.0,0.17874291430476824,-10.0
1713.0,0.1786428809603201,-11.0
1714.0,0.17854284761587197,-11.0
1715.0,0.17844281427142383,8.0
1716.0,0.17834278092697564,-8.0
1717.0,0.1782427475825275,-10.0
1718.0,0.17814271423807937,8.0
1719.0,0.17804268089363123,-10.0
1720.0,0.17794264754918304,7.0
1721.0,0.1778426142047349,8.0
1722.0,0.17774258086028677,8.0
1723.0,0.17764254751583863,7.0
1724.0,0.17754251417139044,7.0
1725.0,0.1774424808269423,8.0
1726.0,0.17734244748249417,8.0
1727.0,0.17724241413804603,-9.0
1728.0,0.17714238079359784,-3.0
1729.0,0.1770423474491497,10.0
1730.0,0.17694231410470157,-8.0
1731.0,0.17684228076025343,9.0
1732.0,0.17674224741580524,-9.0
1733.0,0.1766422140713571,-9.0
1734.0,0.17654218072690897,-10.0
1735.0,0.17644214738246083,-9.0
1736.0,0.17634211403801264,-10.0
1737.0,0.1762420806935645,8.0
1738.0,0.17614204734911637,8.0
1739.0,0.17604201400466823,-11.0
1740.0,0.17594198066022004,7.0
1741.0,0.1758419473157719,8.0
1742.0,0.17574191397132377,-10.0
1743.0,0.17564188062687563,-9.0
1744.0,0.17554184728242744,-9.0
1745.0,0.1754418139379793,-10.0
1746.0,0.17534178059353117,-8.0
1747.0,0.17524174724908304,8.0
1748.0,0.17514171390463484,8.0
1749.0,0.1750416805601867,7.0
1750.0,0.17494164721573857,7.0
1751.0,0.17484161387129044,-10.0
1752.0,0.1747415805268423,7.0
1753.0,0.1746415471823941,7.0
1754.0,0.17454151383794597,8.0
1755.0,0.17444148049349784,9.0
1756.0,0.1743414471490497,-8.0
1757.0,0.1742414138046015,-8.0
1758.0,0.17414138046015337,7.0
1759.0,0.17404134711570524,7.0
1760.0,0.1739413137712571,7.0
1761.0,0.1738412804268089,7.0
1762.0,0.17374124708236077,8.0
1763.0,0.17364121373791264,-10.0
1764.0,0.1735411803934645,8.0
1765.0,0.1734411470490163,-10.0
1766.0,0.17334111370456817,7.0
1767.0,0.17324108036012004,-3.0
1768.0,0.1731410470156719,8.0
1769.0,0.17304101367122376,10.0
1770.0,0.17294098032677557,7.0
1771.0,0.17284094698232744,-5.0
1772.0,0.1727409136378793,-10.0
1773.0,0.17264088029343116,-11.0
1774.0,0.17254084694898297,7.0
1775.0,0.17244081360453484,-11.0
1776.0,0.1723407802600867,7.0
1777.0,0.17224074691563857,7.0
1778.0,0.17214071357119037,-10.0
1779.0,0.17204068022674224,8.0
1780.0,0.1719406468822941,8.0
1781.0,0.17184061353784597,-11.0
1782.0,0.1717405801933978,-8.0
1783.0,0.17164054684894964,7.0
1784.0,0.1715405135045015,8.0
1785.0,0.17144048016005337,7.0
1786.0,0.1713404468156052,7.0
1787.0,0.17124041347115704,8.0
1788.0,0.1711403801267089,-11.0
1789.0,0.17104034678226077,8.0
1790.0,0.1709403134378126,-5.0
1791.0,0.17084028009336444,8.0
1792.0,0.1707402467489163,8.0
1793.0,0.17064021340446817,-11.0
1794.0,0.17054018006002,-11.0
1795.0,0.17044014671557184,7.0
1796.0,0.1703401133711237,7.0
1797.0,0.17024008002667557,-11.0
1798.0,0.1701400466822274,8.0
1799.0,0.17004001333777927,7.0
1800.0,0.1699399799933311,8.0
1801.0,0.16983994664888297,8.0
1802.0,0.1697399133044348,-11.0
1803.0,0.16963987995998667,7.0
1804.0,0.1695398466155385,-3.0
1805.0,0.16943981327109037,10.0
1806.0,0.1693397799266422,10.0
1807.0,0.16923974658219407,-8.0
1808.0,0.1691397132377459,-11.0
1809.0,0.16903967989329777,-9.0
1810.0,0.1689396465488496,-10.0
1811.0,0.16883961320440147,8.0
1812.0,0.1687395798599533,8.0
1813.0,0.16863954651550517,8.0
1814.0,0.16853951317105703,10.0
1815.0,0.16843947982660887,-8.0
1816.0,0.1683394464821607,7.0
1817.0,0.16823941313771257,8.0
1818.0,0.16813937979326443,8.0
1819.0,0.16803934644881627,8.0
1820.0,0.1679393131043681,-11.0
1821.0,0.16783927975991997,-11.0
1822.0,0.16773924641547183,7.0
1823.0,0.16763921307102367,8.0
1824.0,0.1675391797265755,-8.0
1825.0,0.16743914638212737,-10.0
1826.0,0.16733911303767923,8.0
1827.0,0.1672390796932311,-11.0
1828.0,0.1671390463487829,-10.0
1829.0,0.16703901300433477,8.0
1830.0,0.16693897965988663,8.0
1831.0,0.1668389463154385,8.0
1832.0,0.1667389129709903,8.0
1833.0,0.16663887962654217,8.0
1834.0,0.16653884628209403,10.0
1835.0,0.1664388129376459,-8.0
1836.0,0.1663387795931977,8.0
1837.0,0.16623874624874957,8.0
1838.0,0.16613871290430143,8.0
1839.0,0.1660386795598533,-10.0
1840.0,0.1659386462154051,8.0
1841.0,0.16583861287095697,-10.0
1842.0,0.16573857952650883,-10.0
1843.0,0.1656385461820607,8.0
1844.0,0.16553851283761256,-10.0
1845.0,0.16543847949316437,-10.0
1846.0,0.16533844614871623,8.0
1847.0,0.1652384128042681,-9.0
1848.0,0.16513837945981996,8.0
1849.0,0.16503834611537177,8.0
1850.0,0.16493831277092363,8.0
1851.0,0.1648382794264755,-9.0
1852.0,0.16473824608202736,7.0
1853.0,0.16463821273757917,-3.0
1854.0,0.16453817939313103,8.0
1855.0,0.1644381460486829,8.0
1856.0,0.16433811270423476,8.0
1857.0,0.16423807935978657,-4.0
1858.0,0.16413804601533843,10.0
1859.0,0.1640380126708903,-9.0
1860.0,0.16393797932644216,7.0
1861.0,0.163837945981994,8.0
1862.0,0.16373791263754583,8.0
1863.0,0.1636378792930977,8.0
1864.0,0.16353784594864956,8.0
1865.0,0.1634378126042014,-11.0
1866.0,0.16333777925975324,-3.0
1867.0,0.1632377459153051,-8.0
1868.0,0.16313771257085696,-10.0
1869.0,0.1630376792264088,-4.0
1870.0,0.16293764588196064,7.0
1871.0,0.1628376125375125,8.0
1872.0,0.16273757919306436,8.0
1873.0,0.1626375458486162,-9.0
1874.0,0.16253751250416806,7.0
1875.0,0.1624374791597199,8.0
1876.0,0.16233744581527176,8.0
1877.0,0.1622374124708236,7.0
1878.0,0.16213737912637546,7.0
1879.0,0.1620373457819273,8.0
1880.0,0.16193731243747916,7.0
1881.0,0.161837279093031,8.0
1882.0,0.16173724574858286,7.0
1883.0,0.1616372124041347,8.0
1884.0,0.16153717905968656,-11.0
1885.0,0.1614371457152384,-11.0
1886.0,0.16133711237079026,7.0
1887.0,0.1612370790263421,-11.0
1888.0,0.16113704568189396,7.0
1889.0,0.16103701233744583,-10.0
1890.0,0.16093697899299766,-10.0
1891.0,0.16083694564854953,8.0
1892.0,0.16073691230410136,8.0
1893.0,0.16063687895965323,8.0
1894.0,0.16053684561520506,7.0
1895.0,0.16043681227075693,-11.0
1896.0,0.16033677892630877,-11.0
1897.0,0.16023674558186063,8.0
1898.0,0.16013671223741247,7.0
1899.0,0.16003667889296433,10.0
1900.0,0.15993664554851617,8.0
1901.0,0.15983661220406803,-10.0
1902.0,0.15973657885961987,-11.0
1903.0,0.15963654551517173,-10.0
1904.0,0.15953651217072357,-10.0
1905.0,0.15943647882627543,-10.0
1906.0,0.1593364454818273,8.0
1907.0,0.15923641213737913,-10.0
1908.0,0.15913637879293097,8.0
1909.0,0.15903634544848283,8.0
1910.0,0.1589363121040347,7.0
1911.0,0.15883627875958653,7.0
1912.0,0.15873624541513837,8.0
1913.0,0.15863621207069023,-10.0
1914.0,0.1585361787262421,-11.0
1915.0,0.15843614538179393,-10.0
1916.0,0.15833611203734577,7.0
1917.0,0.15823607869289763,7.0
1918.0,0.1581360453484495,8.0
1919.0,0.15803601200400136,-9.0
1920.0,0.15793597865955317,8.0
1921.0,0.15783594531510503,10.0
1922.0,0.1577359119706569,-11.0
1923.0,0.15763587862620876,8.0
1924.0,0.15753584528176057,-10.0
1925.0,0.15743581193731243,-8.0
1926.0,0.1573357785928643,7.0
1927.0,0.15723574524841616,8.0
1928.0,0.15713571190396797,-8.0
1929.0,0.15703567855951983,7.0
1930.0,0.1569356452150717,-9.0
1931.0,0.15683561187062356,-11.0
1932.0,0.15673557852617537,8.0
1933.0,0.15663554518172723,8.0
1934.0,0.1565355118372791,8.0
1935.0,0.15643547849283096,-10.0
1936.0,0.1563354451483828,8.0
1937.0,0.15623541180393463,-10.0
1938.0,0.1561353784594865,-10.0
1939.0,0.15603534511503836,-8.0
1940.0,0.1559353117705902,-10.0
1941.0,0.15583527842614203,8.0
1942.0,0.1557352450816939,10.0
1943.0,0.15563521173724576,8.0
1944.0,0.1555351783927976,-11.0
1945.0,0.15543514504834943,7.0
1946.0,0.1553351117039013,-8.0
1947.0,0.15523507835945316,-11.0
1948.0,0.155135045015005,9.0
1949.0,0.15503501167055686,-11.0
1950.0,0.1549349783261087,8.0
1951.0,0.15483494498166056,-4.0
1952.0,0.1547349116372124,7.0
1953.0,0.15463487829276426,-11.0
1954.0,0.1545348449483161,7.0
1955.0,0.15443481160386796,8.0
1956.0,0.1543347782594198,8.0
1957.0,0.15423474491497166,7.0
1958.0,0.1541347115705235,7.0
1959.0,0.15403467822607536,8.0
1960.0,0.1539346448816272,-11.0
1961.0,0.15383461153717906,-11.0
1962.0,0.1537345781927309,8.0
1963.0,0.15363454484828276,8.0
1964.0,0.15353451150383463,8.0
1965.0,0.15343447815938646,8.0
1966.0,0.15333444481493833,8.0
1967.0,0.15323441147049016,8.0
1968.0,0.15313437812604203,7.0
1969.0,0.15303434478159386,-10.0
1970.0,0.15293431143714573,-11.0
1971.0,0.15283427809269756,8.0
1972.0,0.15273424474824943,7.0
1973.0,0.15263421140380126,-8.0
1974.0,0.15253417805935313,8.0
1975.0,0.15243414471490496,-11.0
1976.0,0.15233411137045683,8.0
1977.0,0.15223407802600866,-9.0
1978.0,0.15213404468156053,9.0
1979.0,0.15203401133711236,8.0
1980.0,0.15193397799266423,7.0
1981.0,0.1518339446482161,-11.0
1982.0,0.15173391130376793,8.0
1983.0,0.15163387795931976,-11.0
1984.0,0.15153384461487163,8.0
1985.0,0.1514338112704235,-10.0
1986.0,0.15133377792597533,-9.0
1987.0,0.15123374458152716,8.0
1988.0,0.15113371123707903,8.0
1989.0,0.1510336778926309,-3.0
1990.0,0.15093364454818273,8.0
1991.0,0.15083361120373456,-4.0
1992.0,0.15073357785928643,-10.0
1993.0,0.1506335445148383,7.0
1994.0,0.15053351117039013,8.0
1995.0,0.15043347782594196,-10.0
1996.0,0.15033344448149383,8.0
1997.0,0.1502334111370457,7.0
1998.0,0.15013337779259756,7.0
1999.0,0.15003334444814936,8.0
2000.0,0.14993331110370123,8.0
2001.0,0.1498332777592531,-10.0
2002.0,0.14973324441480496,-8.0
2003.0,0.14963321107035676,8.0
2004.0,0.14953317772590863,7.0
2005.0,0.1494331443814605,9.0
2006.0,0.14933311103701236,9.0
2007.0,0.14923307769256416,9.0
2008.0,0.14913304434811603,9.0
2009.0,0.1490330110036679,-4.0
2010.0,0.14893297765921976,10.0
2011.0,0.1488329443147716,-9.0
2012.0,0.14873291097032343,8.0
2013.0,0.1486328776258753,-9.0
2014.0,0.14853284428142716,9.0
2015.0,0.148432810936979,-10.0
2016.0,0.14833277759253083,-8.0
2017.0,0.1482327442480827,8.0
2018.0,0.14813271090363456,-9.0
2019.0,0.1480326775591864,8.0
2020.0,0.14793264421473823,10.0
2021.0,0.1478326108702901,-10.0
2022.0,0.14773257752584196,7.0
2023.0,0.1476325441813938,7.0
2024.0,0.14753251083694563,-3.0
2025.0,0.1474324774924975,-10.0
2026.0,0.14733244414804936,-9.0
2027.0,0.1472324108036012,-11.0
2028.0,0.14713237745915306,8.0
2029.0,0.1470323441147049,8.0
2030.0,0.14693231077025676,-10.0
2031.0,0.1468322774258086,7.0
2032.0,0.14673224408136046,8.0
2033.0,0.1466322107369123,7.0
2034.0,0.14653217739246416,8.0
2035.0,0.146432144048016,-3.0
2036.0,0.14633211070356786,8.0
2037.0,0.1462320773591197,-11.0
2038.0,0.14613204401467156,7.0
2039.0,0.1460320106702234,-10.0
2040.0,0.14593197732577526,8.0
2041.0,0.14583194398132712,8.0
2042.0,0.14573191063687896,-10.0
2043.0,0.14563187729243082,7.0
2044.0,0.14553184394798266,8.0
2045.0,0.14543181060353452,-5.0
2046.0,0.14533177725908636,9.0
2047.0,0.14523174391463822,8.0
2048.0,0.14513171057019006,8.0
2049.0,0.14503167722574192,8.0
2050.0,0.14493164388129376,-10.0
2051.0,0.14483161053684562,8.0
2052.0,0.14473157719239746,7.0
2053.0,0.14463154384794932,8.0
2054.0,0.14453151050350116,7.0
2055.0,0.14443147715905302,7.0
2056.0,0.1443314438146049,7.0
2057.0,0.14423141047015672,8.0
2058.0,0.14413137712570856,-9.0
2059.0,0.14403134378126042,8.0
2060.0,0.1439313104368123,8.0
2061.0,0.14383127709236412,-10.0
2062.0,0.14373124374791596,-11.0
2063.0,0.14363121040346782,7.0
2064.0,0.1435311770590197,-8.0
2065.0,0.14343114371457152,-8.0
2066.0,0.14333111037012336,7.0
2067.0,0.14323107702567522,-8.0
2068.0,0.1431310436812271,8.0
2069.0,0.14303101033677892,8.0
2070.0,0.14293097699233076,8.0
2071.0,0.14283094364788262,-10.0
2072.0,0.1427309103034345,-11.0
2073.0,0.14263087695898635,7.0
2074.0,0.14253084361453816,-10.0
2075.0,0.14243081027009002,-9.0
2076.0,0.1423307769256419,8.0
2077.0,0.14223074358119375,7.0
2078.0,0.14213071023674556,9.0
2079.0,0.14203067689229742,8.0
2080.0,0.1419306435478493,8.0
2081.0,0.14183061020340115,7.0
2082.0,0.14173057685895296,8.0
2083.0,0.14163054351450483,8.0
2084.0,0.1415305101700567,7.0
2085.0,0.14143047682560855,-11.0
2086.0,0.1413304434811604,7.0
2087.0,0.14123041013671223,8.0
2088.0,0.1411303767922641,-10.0
2089.0,0.14103034344781595,8.0
2090.0,0.1409303101033678,8.0
2091.0,0.14083027675891963,7.0
2092.0,0.1407302434144715,8.0
2093.0,0.14063021007002335,8.0
2094.0,0.1405301767255752,-8.0
2095.0,0.14043014338112703,-3.0
2096.0,0.1403301100366789,7.0
2097.0,0.14023007669223075,8.0
2098.0,0.1401300433477826,7.0
2099.0,0.14003001000333443,8.0
2100.0,0.1399299766588863,8.0
2101.0,0.13982994331443815,7.0
2102.0,0.13972990996999,-11.0
2103.0,0.13962987662554185,-11.0
2104.0,0.1395298432810937,7.0
2105.0,0.13942980993664555,-5.0
2106.0,0.1393297765921974,9.0
2107.0,0.13922974324774925,7.0
2108.0,0.1391297099033011,8.0
2109.0,0.13902967655885295,8.0
2110.0,0.1389296432144048,-4.0
2111.0,0.13882960986995665,-10.0
2112.0,0.1387295765255085,-11.0
2113.0,0.13862954318106036,7.0
2114.0,0.1385295098366122,8.0
2115.0,0.13842947649216406,8.0
2116.0,0.1383294431477159,8.0
2117.0,0.13822940980326776,-9.0
2118.0,0.13812937645881962,7.0
2119.0,0.13802934311437146,-9.0
2120.0,0.13792930976992332,8.0
2121.0,0.13782927642547516,7.0
2122.0,0.13772924308102702,-10.0
2123.0,0.13762920973657886,8.0
2124.0,0.13752917639213072,-11.0
2125.0,0.13742914304768256,8.0
2126.0,0.13732910970323442,7.0
2127.0,0.13722907635878626,-8.0
2128.0,0.13712904301433812,8.0
2129.0,0.13702900966988996,8.0
2130.0,0.13692897632544182,-10.0
2131.0,0.13682894298099366,-3.0
2132.0,0.13672890963654552,7.0
2133.0,0.13662887629209736,7.0
2134.0,0.13652884294764922,7.0
2135.0,0.13642880960320108,-11.0
2136.0,0.13632877625875292,7.0
2137.0,0.13622874291430476,-9.0
2138.0,0.13612870956985662,7.0
2139.0,0.13602867622540848,-11.0
2140.0,0.13592864288096032,8.0
2141.0,0.13582860953651216,8.0
2142.0,0.13572857619206402,7.0
2143.0,0.13562854284761588,-11.0
2144.0,0.13552850950316772,-5.0
2145.0,0.13542847615871956,8.0
2146.0,0.13532844281427142,8.0
2147.0,0.13522840946982329,-11.0
2148.0,0.13512837612537515,-10.0
2149.0,0.13502834278092696,-8.0
2150.0,0.13492830943647882,7.0
2151.0,0.13482827609203069,10.0
2152.0,0.13472824274758255,8.0
2153.0,0.13462820940313436,8.0
2154.0,0.13452817605868622,7.0
2155.0,0.13442814271423809,8.0
2156.0,0.13432810936978995,-10.0
2157.0,0.13422807602534176,-10.0
2158.0,0.13412804268089362,8.0
2159.0,0.13402800933644549,-11.0
2160.0,0.13392797599199735,8.0
2161.0,0.13382794264754916,8.0
2162.0,0.13372790930310102,8.0
2163.0,0.1336278759586529,7.0
2164.0,0.13352784261420475,-11.0
2165.0,0.1334278092697566,8.0
2166.0,0.13332777592530842,7.0
2167.0,0.1332277425808603,-11.0
2168.0,0.13312770923641215,7.0
2169.0,0.133027675891964,-9.0
2170.0,0.13292764254751582,-10.0
2171.0,0.1328276092030677,7.0
2172.0,0.13272757585861955,-11.0
2173.0,0.1326275425141714,-10.0
2174.0,0.13252750916972322,7.0
2175.0,0.1324274758252751,8.0
2176.0,0.13232744248082695,8.0
2177.0,0.1322274091363788,-10.0
2178.0,0.13212737579193065,7.0
2179.0,0.1320273424474825,7.0
2180.0,0.13192730910303435,7.0
2181.0,0.1318272757585862,-10.0
2182.0,0.13172724241413805,8.0
2183.0,0.1316272090696899,7.0
2184.0,0.13152717572524175,7.0
2185.0,0.1314271423807936,8.0
2186.0,0.13132710903634545,8.0
2187.0,0.1312270756918973,7.0
2188.0,0.13112704234744915,7.0
2189.0,0.131027009003001,-11.0
2190.0,0.13092697565855285,-10.0
2191.0,0.1308269423141047,-10.0
2192.0,0.13072690896965655,7.0
2193.0,0.13062687562520842,8.0
2194.0,0.13052684228076025,-9.0
2195.0,0.13042680893631212,8.0
2196.0,0.13032677559186395,7.0
2197.0,0.13022674224741582,8.0
2198.0,0.13012670890296765,8.0
2199.0,0.13002667555851952,-8.0
2200.0,0.12992664221407135,-10.0
2201.0,0.12982660886962322,7.0
2202.0,0.12972657552517505,-10.0
2203.0,0.12962654218072692,8.0
2204.0,0.12952650883627875,8.0
2205.0,0.12942647549183062,7.0
2206.0,0.12932644214738245,-10.0
2207.0,0.12922640880293432,8.0
2208.0,0.12912637545848615,-11.0
2209.0,0.12902634211403802,7.0
2210.0,0.12892630876958988,-11.0
2211.0,0.12882627542514172,8.0
2212.0,0.12872624208069355,8.0
2213.0,0.12862620873624542,8.0
2214.0,0.12852617539179728,8.0
2215.0,0.12842614204734912,7.0
2216.0,0.12832610870290095,8.0
2217.0,0.12822607535845282,8.0
2218.0,0.12812604201400468,-10.0
2219.0,0.12802600866955652,8.0
2220.0,0.12792597532510835,8.0
2221.0,0.12782594198066022,8.0
2222.0,0.12772590863621208,8.0
2223.0,0.12762587529176395,-9.0
2224.0,0.12752584194731575,7.0
2225.0,0.12742580860286762,-4.0
2226.0,0.12732577525841948,-11.0
2227.0,0.12722574191397135,7.0
2228.0,0.12712570856952315,8.0
2229.0,0.12702567522507502,7.0
2230.0,0.12692564188062688,8.0
2231.0,0.12682560853617875,-11.0
2232.0,0.12672557519173056,8.0
2233.0,0.12662554184728242,-11.0
2234.0,0.12652550850283428,-10.0
2235.0,0.12642547515838615,-11.0
2236.0,0.12632544181393796,7.0
2237.0,0.12622540846948982,-11.0
2238.0,0.12612537512504168,7.0
2239.0,0.12602534178059355,-11.0
2240.0,0.12592530843614538,7.0
2241.0,0.12582527509169722,-10.0
2242.0,0.12572524174724908,-11.0
2243.0,0.12562520840280095,-10.0
2244.0,0.12552517505835278,-8.0
2245.0,0.12542514171390462,7.0
2246.0,0.12532510836945648,8.0
2247.0,0.12522507502500835,-9.0
2248.0,0.12512504168056018,8.0
2249.0,0.12502500833611202,-11.0
2250.0,0.12492497499166388,8.0
2251.0,0.12482494164721573,-11.0
2252.0,0.12472490830276758,8.0
2253.0,0.12462487495831943,8.0
2254.0,0.12452484161387128,8.0
2255.0,0.12442480826942313,7.0
2256.0,0.12432477492497498,-11.0
2257.0,0.12422474158052683,-10.0
2258.0,0.12412470823607868,8.0
2259.0,0.12402467489163053,10.0
2260.0,0.12392464154718238,-3.0
2261.0,0.12382460820273425,-10.0
2262.0,0.1237245748582861,7.0
2263.0,0.12362454151383795,8.0
2264.0,0.1235245081693898,-3.0
2265.0,0.12342447482494165,8.0
2266.0,0.1233244414804935,7.0
2267.0,0.12322440813604535,8.0
2268.0,0.1231243747915972,8.0
2269.0,0.12302434144714905,8.0
2270.0,0.1229243081027009,-11.0
2271.0,0.12282427475825275,7.0
2272.0,0.1227242414138046,-10.0
2273.0,0.12262420806935645,8.0
2274.0,0.1225241747249083,8.0
2275.0,0.12242414138046015,8.0
2276.0,0.12232410803601201,8.0
2277.0,0.12222407469156386,-3.0
2278.0,0.12212404134711571,-11.0
2279.0,0.12202400800266756,-11.0
2280.0,0.12192397465821941,8.0
2281.0,0.12182394131377126,8.0
2282.0,0.12172390796932311,-5.0
2283.0,0.12162387462487496,-9.0
2284.0,0.12152384128042681,7.0
2285.0,0.12142380793597866,8.0
2286.0,0.12132377459153051,-11.0
2287.0,0.12122374124708236,10.0
2288.0,0.12112370790263421,-10.0
2289.0,0.12102367455818606,-11.0
2290.0,0.12092364121373791,8.0
2291.0,0.12082360786928976,-11.0
2292.0,0.12072357452484161,8.0
2293.0,0.12062354118039346,-5.0
2294.0,0.12052350783594531,-11.0
2295.0,0.12042347449149716,8.0
2296.0,0.12032344114704902,7.0
2297.0,0.12022340780260087,7.0
2298.0,0.12012337445815272,-9.0
2299.0,0.12002334111370457,8.0
2300.0,0.11992330776925642,8.0
2301.0,0.11982327442480827,-9.0
2302.0,0.11972324108036012,7.0
2303.0,0.11962320773591197,8.0
2304.0,0.11952317439146382,-11.0
2305.0,0.11942314104701567,8.0
2306.0,0.11932310770256752,-11.0
2307.0,0.11922307435811938,7.0
2308.0,0.11912304101367123,-10.0
2309.0,0.11902300766922308,7.0
2310.0,0.11892297432477493,7.0
2311.0,0.11882294098032678,-11.0
2312.0,0.11872290763587863,-11.0
2313.0,0.11862287429143048,7.0
2314.0,0.11852284094698233,8.0
2315.0,0.11842280760253418,8.0
2316.0,0.11832277425808603,7.0
2317.0,0.11822274091363788,-10.0
2318.0,0.11812270756918973,8.0
2319.0,0.11802267422474158,8.0
2320.0,0.11792264088029343,8.0
2321.0,0.11782260753584528,8.0
2322.0,0.11772257419139713,-10.0
2323.0,0.11762254084694898,7.0
2324.0,0.11752250750250083,-5.0
2325.0,0.11742247415805268,7.0
2326.0,0.11732244081360453,-11.0
2327.0,0.11722240746915638,7.0
2328.0,0.11712237412470823,9.0
2329.0,0.11702234078026008,-11.0
2330.0,0.11692230743581193,-10.0
2331.0,0.11682227409136378,8.0
2332.0,0.11672224074691563,-8.0
2333.0,0.11662220740246748,8.0
2334.0,0.11652217405801933,8.0
2335.0,0.11642214071357118,-11.0
2336.0,0.11632210736912303,-10.0
2337.0,0.1162220740246749,-9.0
2338.0,0.11612204068022675,7.0
2339.0,0.1160220073357786,-10.0
2340.0,0.11592197399133045,7.0
2341.0,0.1158219406468823,-4.0
2342.0,0.11572190730243415,8.0
2343.0,0.115621873957986,-8.0
2344.0,0.11552184061353785,-11.0
2345.0,0.1154218072690897,-9.0
2346.0,0.11532177392464155,8.0
2347.0,0.1152217405801934,8.0
2348.0,0.11512170723574525,-11.0
2349.0,0.1150216738912971,-11.0
2350.0,0.11492164054684895,-9.0
2351.0,0.1148216072024008,7.0
2352.0,0.11472157385795265,7.0
2353.0,0.11462154051350451,7.0
2354.0,0.11452150716905636,8.0
2355.0,0.11442147382460821,-11.0
2356.0,0.11432144048016006,8.0
2357.0,0.11422140713571191,-4.0
2358.0,0.11412137379126376,8.0
2359.0,0.11402134044681561,7.0
2360.0,0.11392130710236746,8.0
2361.0,0.11382127375791931,7.0
2362.0,0.11372124041347116,-10.0
2363.0,0.11362120706902301,8.0
2364.0,0.11352117372457486,8.0
2365.0,0.11342114038012671,8.0
2366.0,0.11332110703567856,7.0
2367.0,0.11322107369123041,8.0
2368.0,0.11312104034678226,-9.0
2369.0,0.11302100700233411,8.0
2370.0,0.11292097365788596,8.0
2371.0,0.11282094031343781,8.0
2372.0,0.11272090696898966,8.0
2373.0,0.11262087362454151,8.0
2374.0,0.11252084028009336,-10.0
2375.0,0.11242080693564521,9.0
2376.0,0.11232077359119706,8.0
2377.0,0.11222074024674891,-5.0
2378.0,0.11212070690230076,8.0
2379.0,0.11202067355785261,-11.0
2380.0,0.11192064021340446,-11.0
2381.0,0.11182060686895631,-10.0
2382.0,0.11172057352450816,7.0
2383.0,0.11162054018006003,8.0
2384.0,0.11152050683561188,8.0
2385.0,0.11142047349116373,-10.0
2386.0,0.11132044014671558,-8.0
2387.0,0.11122040680226743,8.0
2388.0,0.11112037345781928,8.0
2389.0,0.11102034011337113,-11.0
2390.0,0.11092030676892298,8.0
2391.0,0.11082027342447483,7.0
2392.0,0.11072024008002668,8.0
2393.0,0.11062020673557853,8.0
2394.0,0.11052017339113038,8.0
2395.0,0.11042014004668223,-10.0
2396.0,0.11032010670223408,8.0
2397.0,0.11022007335778593,-11.0
2398.0,0.11012004001333778,8.0
2399.0,0.11002000666888964,-4.0
2400.0,0.10991997332444148,9.0
2401.0,0.10981993997999334,8.0
2402.0,0.10971990663554518,8.0
2403.0,0.10961987329109704,8.0
2404.0,0.10951983994664888,-10.0
2405.0,0.10941980660220074,-3.0
2406.0,0.10931977325775258,-10.0
2407.0,0.10921973991330444,8.0
2408.0,0.10911970656885628,7.0
2409.0,0.10901967322440814,8.0
2410.0,0.10891963987995998,8.0
2411.0,0.10881960653551184,8.0
2412.0,0.10871957319106368,8.0
2413.0,0.10861953984661554,8.0
2414.0,0.10851950650216739,-10.0
2415.0,0.10841947315771924,-8.0
2416.0,0.10831943981327109,8.0
2417.0,0.10821940646882294,8.0
2418.0,0.10811937312437479,-4.0
2419.0,0.10801933977992664,7.0
2420.0,0.1079193064354785,-10.0
2421.0,0.10781927309103034,-5.0
2422.0,0.1077192397465822,9.0
2423.0,0.10761920640213404,7.0
2424.0,0.1075191730576859,8.0
2425.0,0.10741913971323774,-11.0
2426.0,0.1073191063687896,7.0
2427.0,0.10721907302434144,-10.0
2428.0,0.1071190396798933,-11.0
2429.0,0.10701900633544514,8.0
2430.0,0.10691897299099701,7.0
2431.0,0.10681893964654884,8.0
2432.0,0.10671890630210071,7.0
2433.0,0.10661887295765254,8.0
2434.0,0.10651883961320441,7.0
2435.0,0.10641880626875624,-11.0
2436.0,0.10631877292430811,8.0
2437.0,0.10621873957985994,-10.0
2438.0,0.10611870623541181,-10.0
2439.0,0.10601867289096364,10.0
2440.0,0.10591863954651551,-10.0
2441.0,0.10581860620206734,7.0
2442.0,0.10571857285761921,8.0
2443.0,0.10561853951317104,-3.0
2444.0,0.10551850616872291,-11.0
2445.0,0.10541847282427477,8.0
2446.0,0.10531843947982661,8.0
2447.0,0.10521840613537847,8.0
2448.0,0.10511837279093031,7.0
2449.0,0.10501833944648217,8.0
2450.0,0.10491830610203401,8.0
2451.0,0.10481827275758587,-11.0
2452.0,0.10471823941313771,-10.0
2453.0,0.10461820606868957,8.0
2454.0,0.10451817272424141,8.0
2455.0,0.10441813937979327,8.0
2456.0,0.10431810603534511,8.0
2457.0,0.10421807269089697,-9.0
2458.0,0.10411803934644881,-10.0
2459.0,0.10401800600200067,8.0
2460.0,0.10391797265755252,-8.0
2461.0,0.10381793931310437,8.0
2462.0,0.10371790596865622,-10.0
2463.0,0.10361787262420807,-9.0
2464.0,0.10351783927975992,7.0
2465.0,0.10341780593531177,8.0
2466.0,0.10331777259086362,7.0
2467.0,0.10321773924641547,-11.0
2468.0,0.10311770590196732,-11.0
2469.0,0.10301767255751917,7.0
2470.0,0.10291763921307102,8.0
2471.0,0.10281760586862287,-10.0
2472.0,0.10271757252417472,-9.0
2473.0,0.10261753917972657,7.0
2474.0,0.10251750583527844,8.0
2475.0,0.10241747249083027,8.0
2476.0,0.10231743914638214,8.0
2477.0,0.10221740580193397,9.0
2478.0,0.10211737245748584,-10.0
2479.0,0.10201733911303767,8.0
2480.0,0.10191730576858954,7.0
2481.0,0.10181727242414138,9.0
2482.0,0.10171723907969324,-11.0
2483.0,0.10161720573524508,7.0
2484.0,0.10151717239079694,7.0
2485.0,0.10141713904634878,-8.0
2486.0,0.10131710570190064,8.0
2487.0,0.10121707235745248,8.0
2488.0,0.10111703901300434,7.0
2489.0,0.10101700566855618,8.0
2490.0,0.10091697232410804,-10.0
2491.0,0.10081693897965989,8.0
2492.0,0.10071690563521174,9.0
2493.0,0.10061687229076359,-9.0
2494.0,0.10051683894631544,8.0
2495.0,0.10041680560186729,-11.0
2496.0,0.10031677225741914,-8.0
2497.0,0.10021673891297099,-9.0
2498.0,0.10011670556852284,7.0
2499.0,0.10001667222407469,8.0
2500.0,0.09991663887962654,-8.0
2501.0,0.09981660553517839,7.0
2502.0,0.09971657219073024,7.0
2503.0,0.09961653884628209,-11.0
2504.0,0.09951650550183394,8.0
2505.0,0.0994164721573858,-11.0
2506.0,0.09931643881293764,8.0
2507.0,0.0992164054684895,7.0
2508.0,0.09911637212404134,-9.0
2509.0,0.0990163387795932,7.0
2510.0,0.09891630543514504,8.0
2511.0,0.0988162720906969,7.0
2512.0,0.09871623874624874,-11.0
2513.0,0.0986162054018006,-8.0
2514.0,0.09851617205735244,8.0
2515.0,0.0984161387129043,7.0
2516.0,0.09831610536845614,8.0
2517.0,0.098216072024008,-10.0
2518.0,0.09811603867955984,-10.0
2519.0,0.0980160053351117,7.0
2520.0,0.09791597199066357,-10.0
2521.0,0.0978159386462154,8.0
2522.0,0.09771590530176727,7.0
2523.0,0.0976158719573191,-11.0
2524.0,0.09751583861287097,-11.0
2525.0,0.0974158052684228,-4.0
2526.0,0.09731577192397467,7.0
2527.0,0.0972157385795265,-10.0
2528.0,0.09711570523507837,8.0
2529.0,0.0970156718906302,8.0
2530.0,0.09691563854618207,8.0
2531.0,0.0968156052017339,-3.0
2532.0,0.09671557185728577,8.0
2533.0,0.0966155385128376,8.0
2534.0,0.09651550516838947,8.0
2535.0,0.09641547182394132,9.0
2536.0,0.09631543847949317,-9.0
2537.0,0.09621540513504502,7.0
2538.0,0.09611537179059687,8.0
2539.0,0.09601533844614872,8.0
2540.0,0.09591530510170057,8.0
2541.0,0.09581527175725242,8.0
2542.0,0.09571523841280427,7.0
2543.0,0.09561520506835612,8.0
2544.0,0.09551517172390797,-11.0
2545.0,0.09541513837945982,8.0
2546.0,0.09531510503501167,8.0
2547.0,0.09521507169056352,7.0
2548.0,0.09511503834611537,7.0
2549.0,0.09501500500166722,8.0
2550.0,0.09491497165721907,8.0
2551.0,0.09481493831277094,7.0
2552.0,0.09471490496832277,8.0
2553.0,0.09461487162387464,-10.0
2554.0,0.09451483827942647,7.0
2555.0,0.09441480493497834,9.0
2556.0,0.09431477159053017,-9.0
2557.0,0.09421473824608204,8.0
2558.0,0.09411470490163387,7.0
2559.0,0.09401467155718574,8.0
2560.0,0.09391463821273757,-11.0
2561.0,0.09381460486828944,-10.0
2562.0,0.09371457152384127,7.0
2563.0,0.09361453817939314,7.0
2564.0,0.09351450483494497,10.0
2565.0,0.09341447149049684,7.0
2566.0,0.09331443814604869,7.0
2567.0,0.09321440480160054,10.0
2568.0,0.09311437145715239,8.0
2569.0,0.09301433811270424,7.0
2570.0,0.09291430476825609,8.0
2571.0,0.09281427142380794,8.0
2572.0,0.09271423807935979,8.0
2573.0,0.09261420473491164,-10.0
2574.0,0.09251417139046349,8.0
2575.0,0.09241413804601534,8.0
2576.0,0.09231410470156719,-11.0
2577.0,0.09221407135711904,-8.0
2578.0,0.09211403801267089,8.0
2579.0,0.09201400466822274,8.0
2580.0,0.09191397132377459,8.0
2581.0,0.09181393797932644,8.0
2582.0,0.0917139046348783,8.0
2583.0,0.09161387129043014,8.0
2584.0,0.091513837945982,7.0
2585.0,0.09141380460153384,8.0
2586.0,0.0913137712570857,-4.0
2587.0,0.09121373791263754,-10.0
2588.0,0.0911137045681894,8.0
2589.0,0.09101367122374124,8.0
2590.0,0.0909136378792931,9.0
2591.0,0.09081360453484494,8.0
2592.0,0.0907135711903968,-10.0
2593.0,0.09061353784594864,-11.0
2594.0,0.0905135045015005,8.0
2595.0,0.09041347115705234,8.0
2596.0,0.0903134378126042,7.0
2597.0,0.09021340446815607,8.0
2598.0,0.0901133711237079,8.0
2599.0,0.09001333777925977,8.0
2600.0,0.0899133044348116,8.0
2601.0,0.08981327109036347,-10.0
2602.0,0.0897132377459153,8.0
2603.0,0.08961320440146717,8.0
2604.0,0.089513171057019,8.0
2605.0,0.08941313771257087,8.0
2606.0,0.0893131043681227,8.0
2607.0,0.08921307102367457,8.0
2608.0,0.0891130376792264,-11.0
2609.0,0.08901300433477827,8.0
2610.0,0.0889129709903301,8.0
2611.0,0.08881293764588197,8.0
2612.0,0.08871290430143382,8.0
2613.0,0.08861287095698567,8.0
2614.0,0.08851283761253752,-10.0
2615.0,0.08841280426808937,-10.0
2616.0,0.08831277092364122,-3.0
2617.0,0.08821273757919307,-10.0
2618.0,0.08811270423474492,8.0
2619.0,0.08801267089029677,8.0
2620.0,0.08791263754584862,-10.0
2621.0,0.08781260420140047,8.0
2622.0,0.08771257085695232,7.0
2623.0,0.08761253751250417,-9.0
2624.0,0.08751250416805602,8.0
2625.0,0.08741247082360787,8.0
2626.0,0.08731243747915972,8.0
2627.0,0.08721240413471157,-10.0
2628.0,0.08711237079026342,8.0
2629.0,0.08701233744581527,8.0
2630.0,0.08691230410136713,8.0
2631.0,0.08681227075691897,8.0
2632.0,0.08671223741247083,10.0
2633.0,0.08661220406802267,8.0
2634.0,0.08651217072357453,8.0
2635.0,0.08641213737912637,8.0
2636.0,0.08631210403467823,8.0
2637.0,0.08621207069023007,8.0
2638.0,0.08611203734578193,-10.0
2639.0,0.08601200400133378,-8.0
2640.0,0.08591197065688563,8.0
2641.0,0.08581193731243748,10.0
2642.0,0.08571190396798933,8.0
2643.0,0.08561187062354118,8.0
2644.0,0.08551183727909303,8.0
2645.0,0.08541180393464488,-10.0
2646.0,0.08531177059019673,-10.0
2647.0,0.08521173724574858,8.0
2648.0,0.08511170390130043,10.0
2649.0,0.08501167055685228,7.0
2650.0,0.08491163721240413,9.0
2651.0,0.08481160386795598,-9.0
2652.0,0.08471157052350783,8.0
2653.0,0.0846115371790597,8.0
2654.0,0.08451150383461153,10.0
2655.0,0.0844114704901634,-8.0
2656.0,0.08431143714571523,-11.0
2657.0,0.0842114038012671,8.0
2658.0,0.08411137045681893,-10.0
2659.0,0.0840113371123708,8.0
2660.0,0.08391130376792263,8.0
2661.0,0.0838112704234745,7.0
2662.0,0.08371123707902633,9.0
2663.0,0.0836112037345782,-9.0
2664.0,0.08351117039013004,8.0
2665.0,0.0834111370456819,-10.0
2666.0,0.08331110370123374,-11.0
2667.0,0.0832110703567856,-10.0
2668.0,0.08311103701233745,8.0
2669.0,0.0830110036678893,-10.0
2670.0,0.08291097032344115,8.0
2671.0,0.082810936978993,-11.0
2672.0,0.08271090363454485,8.0
2673.0,0.0826108702900967,-9.0
2674.0,0.08251083694564855,8.0
2675.0,0.0824108036012004,7.0
2676.0,0.08231077025675226,-8.0
2677.0,0.0822107369123041,8.0
2678.0,0.08211070356785596,-11.0
2679.0,0.0820106702234078,8.0
2680.0,0.08191063687895966,-10.0
2681.0,0.0818106035345115,-10.0
2682.0,0.08171057019006336,7.0
2683.0,0.0816105368456152,-9.0
2684.0,0.08151050350116706,8.0
2685.0,0.0814104701567189,8.0
2686.0,0.08131043681227076,8.0
2687.0,0.0812104034678226,8.0
2688.0,0.08111037012337446,8.0
2689.0,0.0810103367789263,7.0
2690.0,0.08091030343447816,8.0
2691.0,0.08081027009003001,7.0
2692.0,0.08071023674558186,8.0
2693.0,0.08061020340113371,7.0
2694.0,0.08051017005668556,8.0
2695.0,0.08041013671223741,-10.0
2696.0,0.08031010336778927,8.0
2697.0,0.08021007002334112,8.0
2698.0,0.08011003667889297,8.0
2699.0,0.08001000333444482,8.0
2700.0,0.07990996998999667,8.0
2701.0,0.07980993664554852,-11.0
2702.0,0.07970990330110037,7.0
2703.0,0.07960986995665222,-11.0
2704.0,0.07950983661220407,9.0
2705.0,0.07940980326775592,-3.0
2706.0,0.07930976992330777,8.0
2707.0,0.07920973657885963,8.0
2708.0,0.07910970323441147,7.0
2709.0,0.07900966988996333,8.0
2710.0,0.07890963654551517,8.0
2711.0,0.07880960320106703,-3.0
2712.0,0.07870956985661887,-3.0
2713.0,0.07860953651217073,-11.0
2714.0,0.07850950316772258,7.0
2715.0,0.07840946982327443,8.0
2716.0,0.07830943647882628,8.0
2717.0,0.07820940313437813,-11.0
2718.0,0.07810936978992998,8.0
2719.0,0.07800933644548183,7.0
2720.0,0.07790930310103368,8.0
2721.0,0.07780926975658553,7.0
2722.0,0.07770923641213738,-10.0
2723.0,0.07760920306768923,8.0
2724.0,0.07750916972324108,8.0
2725.0,0.07740913637879293,8.0
2726.0,0.07730910303434478,8.0
2727.0,0.07720906968989663,-11.0
2728.0,0.07710903634544848,8.0
2729.0,0.07700900300100033,7.0
2730.0,0.0769089696565522,-9.0
2731.0,0.07680893631210403,8.0
2732.0,0.0767089029676559,-11.0
2733.0,0.07660886962320773,-11.0
2734.0,0.0765088362787596,-11.0
2735.0,0.07640880293431143,8.0
2736.0,0.0763087695898633,8.0
2737.0,0.07620873624541515,8.0
2738.0,0.076108702900967,7.0
2739.0,0.07600866955651885,-11.0
2740.0,0.0759086362120707,10.0
2741.0,0.07580860286762255,8.0
2742.0,0.0757085695231744,8.0
2743.0,0.07560853617872625,-11.0
2744.0,0.0755085028342781,-10.0
2745.0,0.07540846948982995,8.0
2746.0,0.0753084361453818,-10.0
2747.0,0.07520840280093365,8.0
2748.0,0.0751083694564855,7.0
2749.0,0.07500833611203735,7.0
2750.0,0.0749083027675892,7.0
2751.0,0.07480826942314105,8.0
2752.0,0.0747082360786929,8.0
2753.0,0.07460820273424475,8.0
2754.0,0.0745081693897966,9.0
2755.0,0.07440813604534845,-11.0
2756.0,0.0743081027009003,-10.0
2757.0,0.07420806935645215,7.0
2758.0,0.074108036012004,-11.0
2759.0,0.07400800266755585,-10.0
2760.0,0.07390796932310771,-11.0
2761.0,0.07380793597865956,-10.0
2762.0,0.07370790263421141,7.0
2763.0,0.07360786928976326,9.0
2764.0,0.07350783594531511,8.0
2765.0,0.07340780260086696,8.0
2766.0,0.07330776925641881,-10.0
2767.0,0.07320773591197066,-10.0
2768.0,0.07310770256752251,7.0
2769.0,0.07300766922307436,7.0
2770.0,0.07290763587862621,-9.0
2771.0,0.07280760253417806,8.0
2772.0,0.07270756918972991,-11.0
2773.0,0.07260753584528176,-9.0
2774.0,0.07250750250083361,-3.0
2775.0,0.07240746915638546,8.0
2776.0,0.07230743581193731,8.0
2777.0,0.07220740246748916,-11.0
2778.0,0.07210736912304101,7.0
2779.0,0.07200733577859286,7.0
2780.0,0.07190730243414471,-4.0
2781.0,0.07180726908969656,-11.0
2782.0,0.07170723574524841,-11.0
2783.0,0.07160720240080026,8.0
2784.0,0.07150716905635213,8.0
2785.0,0.07140713571190396,-11.0
2786.0,0.07130710236745583,8.0
2787.0,0.07120706902300766,8.0
2788.0,0.07110703567855953,-10.0
2789.0,0.07100700233411136,7.0
2790.0,0.07090696898966323,8.0
2791.0,0.07080693564521508,7.0
2792.0,0.07070690230076693,8.0
2793.0,0.07060686895631878,-11.0
2794.0,0.07050683561187063,-10.0
2795.0,0.07040680226742248,-11.0
2796.0,0.07030676892297433,8.0
2797.0,0.07020673557852618,-11.0
2798.0,0.07010670223407803,8.0
2799.0,0.07000666888962988,-10.0
2800.0,0.06990663554518173,7.0
2801.0,0.06980660220073358,7.0
2802.0,0.06970656885628543,7.0
2803.0,0.06960653551183728,7.0
2804.0,0.06950650216738913,-8.0
2805.0,0.06940646882294099,7.0
2806.0,0.06930643547849283,7.0
2807.0,0.06920640213404469,8.0
2808.0,0.06910636878959653,7.0
2809.0,0.06900633544514839,8.0
2810.0,0.06890630210070023,-11.0
2811.0,0.06880626875625209,8.0
2812.0,0.06870623541180393,8.0
2813.0,0.06860620206735579,8.0
2814.0,0.06850616872290763,7.0
2815.0,0.06840613537845949,7.0
2816.0,0.06830610203401134,8.0
2817.0,0.06820606868956319,7.0
2818.0,0.06810603534511504,-10.0
2819.0,0.06800600200066689,7.0
2820.0,0.06790596865621874,8.0
2821.0,0.0678059353117706,-11.0
2822.0,0.06770590196732244,7.0
2823.0,0.0676058686228743,8.0
2824.0,0.06750583527842614,8.0
2825.0,0.067405801933978,7.0
2826.0,0.06730576858952984,-8.0
2827.0,0.0672057352450817,7.0
2828.0,0.06710570190063354,7.0
2829.0,0.0670056685561854,8.0
2830.0,0.06690563521173724,8.0
2831.0,0.0668056018672891,8.0
2832.0,0.06670556852284094,-11.0
2833.0,0.0666055351783928,-10.0
2834.0,0.06650550183394466,8.0
2835.0,0.0664054684894965,-11.0
2836.0,0.06630543514504836,7.0
2837.0,0.0662054018006002,7.0
2838.0,0.06610536845615206,7.0
2839.0,0.06600533511170391,-11.0
2840.0,0.06590530176725576,8.0
2841.0,0.06580526842280761,8.0
2842.0,0.06570523507835946,7.0
2843.0,0.06560520173391131,7.0
2844.0,0.06550516838946316,-10.0
2845.0,0.06540513504501501,-4.0
2846.0,0.06530510170056686,-11.0
2847.0,0.06520506835611871,8.0
2848.0,0.06510503501167056,-10.0
2849.0,0.06500500166722241,-10.0
2850.0,0.06490496832277426,-10.0
2851.0,0.06480493497832611,8.0
2852.0,0.06470490163387796,8.0
2853.0,0.06460486828942981,-10.0
2854.0,0.06450483494498166,-4.0
2855.0,0.06440480160053351,-10.0
2856.0,0.06430476825608536,7.0
2857.0,0.06420473491163721,7.0
2858.0,0.06410470156718906,7.0
2859.0,0.06400466822274091,8.0
2860.0,0.06390463487829276,7.0
2861.0,0.06380460153384462,8.0
2862.0,0.06370456818939647,7.0
2863.0,0.06360453484494832,7.0
2864.0,0.06350450150050017,7.0
2865.0,0.06340446815605202,-11.0
2866.0,0.06330443481160387,7.0
2867.0,0.06320440146715572,10.0
2868.0,0.06310436812270757,8.0
2869.0,0.06300433477825942,8.0
2870.0,0.06290430143381127,-10.0
2871.0,0.06280426808936312,7.0
2872.0,0.06270423474491497,-11.0
2873.0,0.06260420140046682,7.0
2874.0,0.06250416805601867,9.0
2875.0,0.062404134711570525,8.0
2876.0,0.062304101367122375,10.0
2877.0,0.062204068022674225,8.0
2878.0,0.062104034678226075,7.0
2879.0,0.062004001333777925,-11.0
2880.0,0.06190396798932978,-10.0
2881.0,0.06180393464488163,9.0
2882.0,0.06170390130043348,-11.0
2883.0,0.06160386795598533,8.0
2884.0,0.06150383461153718,8.0
2885.0,0.06140380126708903,7.0
2886.0,0.06130376792264088,-10.0
2887.0,0.06120373457819273,8.0
2888.0,0.06110370123374458,-11.0
2889.0,0.06100366788929643,-9.0
2890.0,0.06090363454484828,7.0
2891.0,0.06080360120040014,-10.0
2892.0,0.06070356785595199,-10.0
2893.0,0.06060353451150384,-8.0
2894.0,0.06050350116705569,8.0
2895.0,0.06040346782260754,-11.0
2896.0,0.06030343447815939,8.0
2897.0,0.06020340113371124,-11.0
2898.0,0.06010336778926309,-3.0
2899.0,0.06000333444481494,-10.0
2900.0,0.05990330110036679,-10.0
2901.0,0.05980326775591864,8.0
2902.0,0.05970323441147049,8.0
2903.0,0.05960320106702234,-10.0
2904.0,0.05950316772257419,-3.0
2905.0,0.05940313437812604,8.0
2906.0,0.05930310103367789,7.0
2907.0,0.05920306768922975,-11.0
2908.0,0.0591030343447816,7.0
2909.0,0.05900300100033345,8.0
2910.0,0.0589029676558853,8.0
2911.0,0.05880293431143715,-11.0
2912.0,0.058702900966989,8.0
2913.0,0.05860286762254085,9.0
2914.0,0.0585028342780927,8.0
2915.0,0.05840280093364455,-10.0
2916.0,0.0583027675891964,8.0
2917.0,0.058202734244748255,-10.0
2918.0,0.058102700900300105,8.0
2919.0,0.058002667555851956,7.0
2920.0,0.057902634211403806,-11.0
2921.0,0.057802600866955656,-11.0
2922.0,0.057702567522507506,8.0
2923.0,0.057602534178059356,-11.0
2924.0,0.057502500833611206,8.0
2925.0,0.057402467489163056,-10.0
2926.0,0.057302434144714906,-11.0
2927.0,0.057202400800266756,-11.0
2928.0,0.057102367455818606,-10.0
2929.0,0.057002334111370456,-11.0
2930.0,0.05690230076692231,7.0
2931.0,0.05680226742247416,8.0
2932.0,0.05670223407802601,8.0
2933.0,0.05660220073357786,-11.0
2934.0,0.056502167389129714,8.0
2935.0,0.056402134044681564,-8.0
2936.0,0.056302100700233414,-10.0
2937.0,0.056202067355785264,7.0
2938.0,0.056102034011337114,7.0
2939.0,0.056002000666888964,-8.0
2940.0,0.055901967322440814,8.0
2941.0,0.05580193397799267,-10.0
2942.0,0.05570190063354452,8.0
2943.0,0.05560186728909637,8.0
2944.0,0.05550183394464822,-11.0
2945.0,0.05540180060020007,8.0
2946.0,0.05530176725575192,8.0
2947.0,0.05520173391130377,8.0
2948.0,0.05510170056685562,8.0
2949.0,0.05500166722240747,8.0
2950.0,0.05490163387795932,8.0
2951.0,0.05480160053351117,7.0
2952.0,0.05470156718906302,8.0
2953.0,0.05460153384461487,8.0
2954.0,0.05450150050016672,-10.0
2955.0,0.05440146715571857,8.0
2956.0,0.05430143381127043,8.0
2957.0,0.05420140046682228,-9.0
2958.0,0.05410136712237413,8.0
2959.0,0.05400133377792598,8.0
2960.0,0.05390130043347783,-10.0
2961.0,0.05380126708902968,8.0
2962.0,0.05370123374458153,8.0
2963.0,0.05360120040013338,8.0
2964.0,0.05350116705568523,-11.0
2965.0,0.05340113371123708,-10.0
2966.0,0.05330110036678893,-10.0
2967.0,0.05320106702234078,8.0
2968.0,0.05310103367789264,7.0
2969.0,0.05300100033344449,10.0
2970.0,0.05290096698899634,7.0
2971.0,0.05280093364454819,7.0
2972.0,0.05270090030010004,8.0
2973.0,0.05260086695565189,7.0
2974.0,0.05250083361120374,7.0
2975.0,0.05240080026675559,8.0
2976.0,0.05230076692230744,7.0
2977.0,0.05220073357785929,-10.0
2978.0,0.05210070023341114,7.0
2979.0,0.05200066688896299,8.0
2980.0,0.05190063354451484,-10.0
2981.0,0.051800600200066695,-4.0
2982.0,0.051700566855618545,8.0
2983.0,0.051600533511170395,-10.0
2984.0,0.051500500166722245,-10.0
2985.0,0.051400466822274095,-11.0
2986.0,0.051300433477825945,-11.0
2987.0,0.051200400133377795,8.0
2988.0,0.051100366788929645,7.0
2989.0,0.051000333444481495,8.0
2990.0,0.050900300100033345,8.0
2991.0,0.050800266755585195,-11.0
2992.0,0.050700233411137045,-10.0
2993.0,0.0506002000666889,-11.0
2994.0,0.05050016672224075,7.0
2995.0,0.0504001333777926,8.0
2996.0,0.05030010003334445,8.0
2997.0,0.0502000666888963,8.0
2998.0,0.05010003334444815,8.0
2999.0,0.05,8.0
